-- MySQL dump 10.13  Distrib 8.4.3, for Win64 (x86_64)
--
-- Host: 127.0.0.1    Database: issc
-- ------------------------------------------------------
-- Server version	8.4.3

/*!40101 SET @OLD_CHARACTER_SET_CLIENT=@@CHARACTER_SET_CLIENT */;
/*!40101 SET @OLD_CHARACTER_SET_RESULTS=@@CHARACTER_SET_RESULTS */;
/*!40101 SET @OLD_COLLATION_CONNECTION=@@COLLATION_CONNECTION */;
/*!50503 SET NAMES utf8mb4 */;
/*!40103 SET @OLD_TIME_ZONE=@@TIME_ZONE */;
/*!40103 SET TIME_ZONE='+00:00' */;
/*!40014 SET @OLD_UNIQUE_CHECKS=@@UNIQUE_CHECKS, UNIQUE_CHECKS=0 */;
/*!40014 SET @OLD_FOREIGN_KEY_CHECKS=@@FOREIGN_KEY_CHECKS, FOREIGN_KEY_CHECKS=0 */;
/*!40101 SET @OLD_SQL_MODE=@@SQL_MODE, SQL_MODE='NO_AUTO_VALUE_ON_ZERO' */;
/*!40111 SET @OLD_SQL_NOTES=@@SQL_NOTES, SQL_NOTES=0 */;

--
-- Table structure for table `auth_group`
--

DROP TABLE IF EXISTS `auth_group`;
/*!40101 SET @saved_cs_client     = @@character_set_client */;
/*!50503 SET character_set_client = utf8mb4 */;
CREATE TABLE `auth_group` (
  `id` int NOT NULL AUTO_INCREMENT,
  `name` varchar(150) NOT NULL,
  PRIMARY KEY (`id`),
  UNIQUE KEY `name` (`name`)
) ENGINE=InnoDB DEFAULT CHARSET=utf8mb4 COLLATE=utf8mb4_0900_ai_ci;
/*!40101 SET character_set_client = @saved_cs_client */;

--
-- Dumping data for table `auth_group`
--

LOCK TABLES `auth_group` WRITE;
/*!40000 ALTER TABLE `auth_group` DISABLE KEYS */;
/*!40000 ALTER TABLE `auth_group` ENABLE KEYS */;
UNLOCK TABLES;

--
-- Table structure for table `auth_group_permissions`
--

DROP TABLE IF EXISTS `auth_group_permissions`;
/*!40101 SET @saved_cs_client     = @@character_set_client */;
/*!50503 SET character_set_client = utf8mb4 */;
CREATE TABLE `auth_group_permissions` (
  `id` bigint NOT NULL AUTO_INCREMENT,
  `group_id` int NOT NULL,
  `permission_id` int NOT NULL,
  PRIMARY KEY (`id`),
  UNIQUE KEY `auth_group_permissions_group_id_permission_id_0cd325b0_uniq` (`group_id`,`permission_id`),
  KEY `auth_group_permissio_permission_id_84c5c92e_fk_auth_perm` (`permission_id`),
  CONSTRAINT `auth_group_permissio_permission_id_84c5c92e_fk_auth_perm` FOREIGN KEY (`permission_id`) REFERENCES `auth_permission` (`id`),
  CONSTRAINT `auth_group_permissions_group_id_b120cbf9_fk_auth_group_id` FOREIGN KEY (`group_id`) REFERENCES `auth_group` (`id`)
) ENGINE=InnoDB DEFAULT CHARSET=utf8mb4 COLLATE=utf8mb4_0900_ai_ci;
/*!40101 SET character_set_client = @saved_cs_client */;

--
-- Dumping data for table `auth_group_permissions`
--

LOCK TABLES `auth_group_permissions` WRITE;
/*!40000 ALTER TABLE `auth_group_permissions` DISABLE KEYS */;
/*!40000 ALTER TABLE `auth_group_permissions` ENABLE KEYS */;
UNLOCK TABLES;

--
-- Table structure for table `auth_permission`
--

DROP TABLE IF EXISTS `auth_permission`;
/*!40101 SET @saved_cs_client     = @@character_set_client */;
/*!50503 SET character_set_client = utf8mb4 */;
CREATE TABLE `auth_permission` (
  `id` int NOT NULL AUTO_INCREMENT,
  `name` varchar(255) NOT NULL,
  `content_type_id` int NOT NULL,
  `codename` varchar(100) NOT NULL,
  PRIMARY KEY (`id`),
  UNIQUE KEY `auth_permission_content_type_id_codename_01ab375a_uniq` (`content_type_id`,`codename`),
  CONSTRAINT `auth_permission_content_type_id_2f476e4b_fk_django_co` FOREIGN KEY (`content_type_id`) REFERENCES `django_content_type` (`id`)
) ENGINE=InnoDB AUTO_INCREMENT=57 DEFAULT CHARSET=utf8mb4 COLLATE=utf8mb4_0900_ai_ci;
/*!40101 SET character_set_client = @saved_cs_client */;

--
-- Dumping data for table `auth_permission`
--

LOCK TABLES `auth_permission` WRITE;
/*!40000 ALTER TABLE `auth_permission` DISABLE KEYS */;
INSERT INTO `auth_permission` VALUES (1,'Can add log entry',1,'add_logentry'),(2,'Can change log entry',1,'change_logentry'),(3,'Can delete log entry',1,'delete_logentry'),(4,'Can view log entry',1,'view_logentry'),(5,'Can add permission',2,'add_permission'),(6,'Can change permission',2,'change_permission'),(7,'Can delete permission',2,'delete_permission'),(8,'Can view permission',2,'view_permission'),(9,'Can add group',3,'add_group'),(10,'Can change group',3,'change_group'),(11,'Can delete group',3,'delete_group'),(12,'Can view group',3,'view_group'),(13,'Can add content type',4,'add_contenttype'),(14,'Can change content type',4,'change_contenttype'),(15,'Can delete content type',4,'delete_contenttype'),(16,'Can view content type',4,'view_contenttype'),(17,'Can add session',5,'add_session'),(18,'Can change session',5,'change_session'),(19,'Can delete session',5,'delete_session'),(20,'Can view session',5,'view_session'),(21,'Can add Account Registration',6,'add_accountregistration'),(22,'Can change Account Registration',6,'change_accountregistration'),(23,'Can delete Account Registration',6,'delete_accountregistration'),(24,'Can view Account Registration',6,'view_accountregistration'),(25,'Can add incident report',7,'add_incidentreport'),(26,'Can change incident report',7,'change_incidentreport'),(27,'Can delete incident report',7,'delete_incidentreport'),(28,'Can view incident report',7,'view_incidentreport'),(29,'Can add Vehicle Registration',8,'add_vehicleregistration'),(30,'Can change Vehicle Registration',8,'change_vehicleregistration'),(31,'Can delete Vehicle Registration',8,'delete_vehicleregistration'),(32,'Can view Vehicle Registration',8,'view_vehicleregistration'),(33,'Can add Face Embedding',9,'add_facesembeddings'),(34,'Can change Face Embedding',9,'change_facesembeddings'),(35,'Can delete Face Embedding',9,'delete_facesembeddings'),(36,'Can view Face Embedding',9,'view_facesembeddings'),(37,'Can add Vehicle Entry',10,'add_vehicleentry'),(38,'Can change Vehicle Entry',10,'change_vehicleentry'),(39,'Can delete Vehicle Entry',10,'delete_vehicleentry'),(40,'Can view Vehicle Entry',10,'view_vehicleentry'),(41,'Can add Face Logs',11,'add_facelogs'),(42,'Can change Face Logs',11,'change_facelogs'),(43,'Can delete Face Logs',11,'delete_facelogs'),(44,'Can view Face Logs',11,'view_facelogs'),(45,'Can add Unauthorized Face Detection',12,'add_unauthorizedfacedetection'),(46,'Can change Unauthorized Face Detection',12,'change_unauthorizedfacedetection'),(47,'Can delete Unauthorized Face Detection',12,'delete_unauthorizedfacedetection'),(48,'Can view Unauthorized Face Detection',12,'view_unauthorizedfacedetection'),(49,'Can add Incident Update',13,'add_incidentupdate'),(50,'Can change Incident Update',13,'change_incidentupdate'),(51,'Can delete Incident Update',13,'delete_incidentupdate'),(52,'Can view Incident Update',13,'view_incidentupdate'),(53,'Can add System Configuration',14,'add_systemconfig'),(54,'Can change System Configuration',14,'change_systemconfig'),(55,'Can delete System Configuration',14,'delete_systemconfig'),(56,'Can view System Configuration',14,'view_systemconfig');
/*!40000 ALTER TABLE `auth_permission` ENABLE KEYS */;
UNLOCK TABLES;

--
-- Table structure for table `django_admin_log`
--

DROP TABLE IF EXISTS `django_admin_log`;
/*!40101 SET @saved_cs_client     = @@character_set_client */;
/*!50503 SET character_set_client = utf8mb4 */;
CREATE TABLE `django_admin_log` (
  `id` int NOT NULL AUTO_INCREMENT,
  `action_time` datetime(6) NOT NULL,
  `object_id` longtext,
  `object_repr` varchar(200) NOT NULL,
  `action_flag` smallint unsigned NOT NULL,
  `change_message` longtext NOT NULL,
  `content_type_id` int DEFAULT NULL,
  `user_id` bigint NOT NULL,
  PRIMARY KEY (`id`),
  KEY `django_admin_log_content_type_id_c4bce8eb_fk_django_co` (`content_type_id`),
  KEY `django_admin_log_user_id_c564eba6_fk_main_accountregistration_id` (`user_id`),
  CONSTRAINT `django_admin_log_content_type_id_c4bce8eb_fk_django_co` FOREIGN KEY (`content_type_id`) REFERENCES `django_content_type` (`id`),
  CONSTRAINT `django_admin_log_user_id_c564eba6_fk_main_accountregistration_id` FOREIGN KEY (`user_id`) REFERENCES `main_accountregistration` (`id`),
  CONSTRAINT `django_admin_log_chk_1` CHECK ((`action_flag` >= 0))
) ENGINE=InnoDB DEFAULT CHARSET=utf8mb4 COLLATE=utf8mb4_0900_ai_ci;
/*!40101 SET character_set_client = @saved_cs_client */;

--
-- Dumping data for table `django_admin_log`
--

LOCK TABLES `django_admin_log` WRITE;
/*!40000 ALTER TABLE `django_admin_log` DISABLE KEYS */;
/*!40000 ALTER TABLE `django_admin_log` ENABLE KEYS */;
UNLOCK TABLES;

--
-- Table structure for table `django_content_type`
--

DROP TABLE IF EXISTS `django_content_type`;
/*!40101 SET @saved_cs_client     = @@character_set_client */;
/*!50503 SET character_set_client = utf8mb4 */;
CREATE TABLE `django_content_type` (
  `id` int NOT NULL AUTO_INCREMENT,
  `app_label` varchar(100) NOT NULL,
  `model` varchar(100) NOT NULL,
  PRIMARY KEY (`id`),
  UNIQUE KEY `django_content_type_app_label_model_76bd3d3b_uniq` (`app_label`,`model`)
) ENGINE=InnoDB AUTO_INCREMENT=15 DEFAULT CHARSET=utf8mb4 COLLATE=utf8mb4_0900_ai_ci;
/*!40101 SET character_set_client = @saved_cs_client */;

--
-- Dumping data for table `django_content_type`
--

LOCK TABLES `django_content_type` WRITE;
/*!40000 ALTER TABLE `django_content_type` DISABLE KEYS */;
INSERT INTO `django_content_type` VALUES (1,'admin','logentry'),(3,'auth','group'),(2,'auth','permission'),(4,'contenttypes','contenttype'),(6,'main','accountregistration'),(11,'main','facelogs'),(9,'main','facesembeddings'),(7,'main','incidentreport'),(13,'main','incidentupdate'),(14,'main','systemconfig'),(12,'main','unauthorizedfacedetection'),(10,'main','vehicleentry'),(8,'main','vehicleregistration'),(5,'sessions','session');
/*!40000 ALTER TABLE `django_content_type` ENABLE KEYS */;
UNLOCK TABLES;

--
-- Table structure for table `django_migrations`
--

DROP TABLE IF EXISTS `django_migrations`;
/*!40101 SET @saved_cs_client     = @@character_set_client */;
/*!50503 SET character_set_client = utf8mb4 */;
CREATE TABLE `django_migrations` (
  `id` bigint NOT NULL AUTO_INCREMENT,
  `app` varchar(255) NOT NULL,
  `name` varchar(255) NOT NULL,
  `applied` datetime(6) NOT NULL,
  PRIMARY KEY (`id`)
) ENGINE=InnoDB AUTO_INCREMENT=44 DEFAULT CHARSET=utf8mb4 COLLATE=utf8mb4_0900_ai_ci;
/*!40101 SET character_set_client = @saved_cs_client */;

--
-- Dumping data for table `django_migrations`
--

LOCK TABLES `django_migrations` WRITE;
/*!40000 ALTER TABLE `django_migrations` DISABLE KEYS */;
INSERT INTO `django_migrations` VALUES (1,'contenttypes','0001_initial','2025-09-24 00:47:12.197468'),(2,'contenttypes','0002_remove_content_type_name','2025-09-24 00:47:12.267960'),(3,'auth','0001_initial','2025-09-24 00:47:12.789327'),(4,'auth','0002_alter_permission_name_max_length','2025-09-24 00:47:12.871860'),(5,'auth','0003_alter_user_email_max_length','2025-09-24 00:47:12.881197'),(6,'auth','0004_alter_user_username_opts','2025-09-24 00:47:12.888095'),(7,'auth','0005_alter_user_last_login_null','2025-09-24 00:47:12.895931'),(8,'auth','0006_require_contenttypes_0002','2025-09-24 00:47:12.900453'),(9,'auth','0007_alter_validators_add_error_messages','2025-09-24 00:47:12.908418'),(10,'auth','0008_alter_user_username_max_length','2025-09-24 00:47:12.918004'),(11,'auth','0009_alter_user_last_name_max_length','2025-09-24 00:47:12.929045'),(12,'auth','0010_alter_group_name_max_length','2025-09-24 00:47:12.954909'),(13,'auth','0011_update_proxy_permissions','2025-09-24 00:47:12.967666'),(14,'auth','0012_alter_user_first_name_max_length','2025-09-24 00:47:12.977900'),(15,'main','0001_initial','2025-09-24 00:47:13.567411'),(16,'admin','0001_initial','2025-09-24 00:47:13.865490'),(17,'admin','0002_logentry_remove_auto_add','2025-09-24 00:47:13.883843'),(18,'admin','0003_logentry_add_action_flag_choices','2025-09-24 00:47:13.902028'),(19,'main','0002_incidentreport_vehicleregistration','2025-09-24 00:47:14.101052'),(20,'main','0003_alter_accountregistration_password','2025-09-24 00:47:14.113440'),(21,'main','0004_alter_incidentreport_id_number','2025-09-24 00:47:14.164910'),(22,'main','0005_remove_incidentreport_date_and_more','2025-09-24 00:47:14.328182'),(23,'main','0006_facesembeddings','2025-09-24 00:47:14.442129'),(24,'main','0007_alter_facesembeddings_options','2025-09-24 00:47:14.454960'),(25,'main','0008_remove_incidentreport_date_joined_and_more','2025-09-24 00:47:14.565577'),(26,'main','0009_remove_incidentreport_date_and_more','2025-09-24 00:47:14.698731'),(27,'main','0010_incidentreport_date_incidentreport_time','2025-09-24 00:47:14.770762'),(28,'main','0011_incidentreport_last_updated_and_more','2025-09-24 00:47:14.907976'),(29,'main','0012_alter_incidentreport_last_updated_by','2025-09-24 00:47:15.108184'),(30,'main','0013_incidentreport_is_archived','2025-09-24 00:47:15.159291'),(31,'main','0014_vehicleregistration_is_archived_and_more','2025-09-24 00:47:15.276193'),(32,'main','0015_vehicleentry','2025-09-24 00:47:15.441687'),(33,'main','0016_remove_facesembeddings_embedding_and_more','2025-09-24 00:47:15.925150'),(34,'main','0017_facelogs','2025-09-24 00:47:16.039530'),(35,'main','0018_facelogs_created_at','2025-09-24 00:47:16.082860'),(36,'sessions','0001_initial','2025-09-24 00:47:16.149375'),(37,'main','0019_unauthorizedfacedetection','2025-11-07 07:02:02.149898'),(38,'main','0020_auto_20251107_1500','2025-11-07 07:02:02.155896'),(39,'main','0021_add_people_involved','2025-11-23 09:11:30.307247'),(40,'main','0022_incidentupdate','2025-11-24 05:56:27.249863'),(41,'main','0023_incidentreport_invalidation_reason','2025-12-04 14:56:29.776555'),(42,'main','0024_incidentreport_faculty_involved','2025-12-09 01:48:18.600304'),(43,'main','0025_systemconfig','2025-12-11 04:20:31.544909');
/*!40000 ALTER TABLE `django_migrations` ENABLE KEYS */;
UNLOCK TABLES;

--
-- Table structure for table `django_session`
--

DROP TABLE IF EXISTS `django_session`;
/*!40101 SET @saved_cs_client     = @@character_set_client */;
/*!50503 SET character_set_client = utf8mb4 */;
CREATE TABLE `django_session` (
  `session_key` varchar(40) NOT NULL,
  `session_data` longtext NOT NULL,
  `expire_date` datetime(6) NOT NULL,
  PRIMARY KEY (`session_key`),
  KEY `django_session_expire_date_a5c62663` (`expire_date`)
) ENGINE=InnoDB DEFAULT CHARSET=utf8mb4 COLLATE=utf8mb4_0900_ai_ci;
/*!40101 SET character_set_client = @saved_cs_client */;

--
-- Dumping data for table `django_session`
--

LOCK TABLES `django_session` WRITE;
/*!40000 ALTER TABLE `django_session` DISABLE KEYS */;
INSERT INTO `django_session` VALUES ('0q8gpd326ew0wyotfag6hze5hljhsk0l','.eJxVjDsOwjAQBe_iGln-kXgp6XMGa-1d4wCypTipEHeHSCmgfTPzXiLgtpawdV7CTOIitDj9bhHTg-sO6I711mRqdV3mKHdFHrTLqRE_r4f7d1Cwl2_tMbF3YG12mCxgtqCUI0A0NKKOlpgG1sYpQDaQtAbOJpsxejgnGMT7A_ZxODo:1v3qIe:_zncPBX-Wdnpl0OiupXSvbmhIXT8b95Bggimh1sg25g','2025-10-15 06:26:52.031443'),('2ot6weya2qpnt7ceslj7wfu49ckf0d0t','.eJxVjDsOwjAQBe_iGln-kXgp6XMGa-1d4wCypTipEHeHSCmgfTPzXiLgtpawdV7CTOIitDj9bhHTg-sO6I711mRqdV3mKHdFHrTLqRE_r4f7d1Cwl2_tMbF3YG12mCxgtqCUI0A0NKKOlpgG1sYpQDaQtAbOJpsxejgnGMT7A_ZxODo:1v1Dr4:xeN6EsDU3E0ijuql2yzJU_j1STXJV49to_1ehofg8Fc','2025-10-08 00:59:34.153098'),('4y93eg14fkerzzfuufwm78ohqljoy70o','.eJxVjDsOwjAQBe_iGln-kXgp6XMGa-1d4wCypTipEHeHSCmgfTPzXiLgtpawdV7CTOIitDj9bhHTg-sO6I711mRqdV3mKHdFHrTLqRE_r4f7d1Cwl2_tMbF3YG12mCxgtqCUI0A0NKKOlpgG1sYpQDaQtAbOJpsxejgnGMT7A_ZxODo:1v3tZF:hy5rUkfGMIuQWVxFTBV_EcqRAGuKg3sBeIGP2PzhAR0','2025-10-15 09:56:13.246912'),('65yoahztki2d3b48sdsmjmtggqoz72go','.eJxVjDsOwjAQBe_iGln-kXgp6XMGa-1d4wCypTipEHeHSCmgfTPzXiLgtpawdV7CTOIitDj9bhHTg-sO6I711mRqdV3mKHdFHrTLqRE_r4f7d1Cwl2_tMbF3YG12mCxgtqCUI0A0NKKOlpgG1sYpQDaQtAbOJpsxejgnGMT7A_ZxODo:1v3onF:KvfDIL0zz6q-Jlr5EhWb60eaUHPC2KyKgTM70o-H6WA','2025-10-15 04:50:21.039285'),('6sgniv429dpk8cmikk4qmvco5x2ja1zy','.eJxVjDsOwjAQBe_iGln-kXgp6XMGa-1d4wCypTipEHeHSCmgfTPzXiLgtpawdV7CTOIitDj9bhHTg-sO6I711mRqdV3mKHdFHrTLqRE_r4f7d1Cwl2_tMbF3YG12mCxgtqCUI0A0NKKOlpgG1sYpQDaQtAbOJpsxejgnGMT7A_ZxODo:1v1Jn6:FgTOM6LblPuqrIw-dhcuykQenYJNQO7ureXARohpYXg','2025-10-08 07:19:52.805858'),('95ncox9nu41vkrn2jc854tnzha40cwkp','.eJxVjDsOwjAQBe_iGln-kXgp6XMGa-1d4wCypTipEHeHSCmgfTPzXiLgtpawdV7CTOIitDj9bhHTg-sO6I711mRqdV3mKHdFHrTLqRE_r4f7d1Cwl2_tMbF3YG12mCxgtqCUI0A0NKKOlpgG1sYpQDaQtAbOJpsxejgnGMT7A_ZxODo:1vgAk2:NyfMSnA-VVJ_sTT7tj_NfPrFSejbv66ww4T6XYxh_M0','2026-01-28 23:57:34.769813'),('9kjtdb2907y2f4chdqj26cwd5rk6gqaf','.eJxVjMsOwiAQRf-FtSHA8HTp3m8gMAxSNTQp7cr479qkC93ec859sZi2tcVt0BKnws5Ms9PvlhM-qO-g3FO_zRznvi5T5rvCDzr4dS70vBzu30FLo33r6lSQ1juDCiU4AhWEF7miNIWgCCOsdtaGIpLGqiqhsV4hAFmEioG9P8REN4A:1vN2VH:p1rCrtXy5RqC1e-bc_8o4EDu6CYqZjMUKY7zbRRI7fs','2025-12-07 05:19:15.617372'),('9n30xmzhmx54yd0eg1a5rs5znqxe1mru','.eJxVjDsOwjAQBe_iGln-kXgp6XMGa-1d4wCypTipEHeHSCmgfTPzXiLgtpawdV7CTOIitDj9bhHTg-sO6I711mRqdV3mKHdFHrTLqRE_r4f7d1Cwl2_tMbF3YG12mCxgtqCUI0A0NKKOlpgG1sYpQDaQtAbOJpsxejgnGMT7A_ZxODo:1v3oeg:_gTihc4bIrRiS6fv5VrjCdHOUIxA2_-Kx2zP9-hWU2E','2025-10-15 04:41:30.551318'),('b22a7810j393sjz0mxohq1m5r96k3e9a','.eJxVjDsOwjAQBe_iGln-kXgp6XMGa-1d4wCypTipEHeHSCmgfTPzXiLgtpawdV7CTOIitDj9bhHTg-sO6I711mRqdV3mKHdFHrTLqRE_r4f7d1Cwl2_tMbF3YG12mCxgtqCUI0A0NKKOlpgG1sYpQDaQtAbOJpsxejgnGMT7A_ZxODo:1v3p9g:6OYmvJlOViin2K-yrniLDxAjH9gi4m6KvOR-LfLS6Ro','2025-10-15 05:13:32.044835'),('bj258knjmczspfl5lgt7470yj2cm1o0r','.eJxVjDsOwjAQBe_iGln-kXgp6XMGa-1d4wCypTipEHeHSCmgfTPzXiLgtpawdV7CTOIitDj9bhHTg-sO6I711mRqdV3mKHdFHrTLqRE_r4f7d1Cwl2_tMbF3YG12mCxgtqCUI0A0NKKOlpgG1sYpQDaQtAbOJpsxejgnGMT7A_ZxODo:1vRAbo:glJ7CZmx5Y7ON0_2pbSTZ3OqrWpa-KMilj57-2M8beY','2025-12-18 14:47:04.978637'),('f9nps3kzyrle43utza2mh7naer5m9rdw','.eJxVjMEOwiAQBf-FsyHAAgWP3v0GArsgVQNJaU_Gf9cmPej1zcx7sRC3tYZt5CXMxM7MsNPvliI-ctsB3WO7dY69rcuc-K7wgw5-7ZSfl8P9O6hx1G-ti1AOJE6AaDWKKWYQyVmbhFEmOV0USoFgiSJ4wKysJ5NV8iSNocLeH9NGN8g:1vNSbY:GyU1dBdGKNdpcMqHxAFbHph0p5QtQN2hGqmRgRJ2ljs','2025-12-08 09:11:28.949154'),('hrz1hxj1fca4to768yq4u1vsohhdl2rp','.eJxVjDsOwjAQBe_iGln-kXgp6XMGa-1d4wCypTipEHeHSCmgfTPzXiLgtpawdV7CTOIitDj9bhHTg-sO6I711mRqdV3mKHdFHrTLqRE_r4f7d1Cwl2_tMbF3YG12mCxgtqCUI0A0NKKOlpgG1sYpQDaQtAbOJpsxejgnGMT7A_ZxODo:1vSbvo:Y4yijMNGPbPsvjEAmoLdYLZesLD2Dvn5dGMghMh2ScM','2025-12-22 14:09:40.725299'),('i6r9q1oopz83xtezby93b5jt5664xb3h','.eJxVjDsOwjAQBe_iGln-kXgp6XMGa-1d4wCypTipEHeHSCmgfTPzXiLgtpawdV7CTOIitDj9bhHTg-sO6I711mRqdV3mKHdFHrTLqRE_r4f7d1Cwl2_tMbF3YG12mCxgtqCUI0A0NKKOlpgG1sYpQDaQtAbOJpsxejgnGMT7A_ZxODo:1vPFgu:viCCOQ1XlTk5--XwgPbCSkAbFqfUJ5as-6H6QuKSRFo','2025-12-13 07:48:24.210479'),('ialq0t0zo053kz3fzihsnl27o0wsshk0','.eJxVjMEOwiAQBf-FsyHAAgWP3v0GArsgVQNJaU_Gf9cmPej1zcx7sRC3tYZt5CXMxM7MsNPvliI-ctsB3WO7dY69rcuc-K7wgw5-7ZSfl8P9O6hx1G-ti1AOJE6AaDWKKWYQyVmbhFEmOV0USoFgiSJ4wKysJ5NV8iSNocLeH9NGN8g:1vNFbw:1WMcRJYnda_0qubAptuTgSFPWhQkQxiq48GdJvUBc38','2025-12-07 19:19:00.434325'),('ivaqgzc8z33culwj1mc0ttvwgxgfy4n4','.eJxVjDsOwjAQBe_iGln-kXgp6XMGa-1d4wCypTipEHeHSCmgfTPzXiLgtpawdV7CTOIitDj9bhHTg-sO6I711mRqdV3mKHdFHrTLqRE_r4f7d1Cwl2_tMbF3YG12mCxgtqCUI0A0NKKOlpgG1sYpQDaQtAbOJpsxejgnGMT7A_ZxODo:1vIgH4:JWfsZVME7Sa3kuaJ_Xlgwanj9pRTZVxbkRnWVIBjDsY','2025-11-25 04:46:34.483224'),('j0borhc3vm465rdgyhm5uj2v2gnjcs6a','.eJxVjDsOwjAQBe_iGln-kXgp6XMGa-1d4wCypTipEHeHSCmgfTPzXiLgtpawdV7CTOIitDj9bhHTg-sO6I711mRqdV3mKHdFHrTLqRE_r4f7d1Cwl2_tMbF3YG12mCxgtqCUI0A0NKKOlpgG1sYpQDaQtAbOJpsxejgnGMT7A_ZxODo:1vSgUt:qvtNDcKhgGk6-hWtm49oGJYqbX02TqspTzPLPXFS11M','2025-12-22 19:02:11.670563'),('j9153ntakdhi1ocha3blykio7ytgezew','.eJxVjDsOwjAQBe_iGln-kXgp6XMGa-1d4wCypTipEHeHSCmgfTPzXiLgtpawdV7CTOIitDj9bhHTg-sO6I711mRqdV3mKHdFHrTLqRE_r4f7d1Cwl2_tMbF3YG12mCxgtqCUI0A0NKKOlpgG1sYpQDaQtAbOJpsxejgnGMT7A_ZxODo:1v3rjJ:KjXpSiv7ju8Q1fTsZHb-mzu8rOLgKdh83kZ4vnNN218','2025-10-15 07:58:29.425069'),('jmk4e6qp03xjoig5w0j9duln3xxkcfn8','.eJxVjDsOwjAQBe_iGln-kXgp6XMGa-1d4wCypTipEHeHSCmgfTPzXiLgtpawdV7CTOIitDj9bhHTg-sO6I711mRqdV3mKHdFHrTLqRE_r4f7d1Cwl2_tMbF3YG12mCxgtqCUI0A0NKKOlpgG1sYpQDaQtAbOJpsxejgnGMT7A_ZxODo:1v1JO2:0s08QIGt_yxjk8hNp-5MH5SXgSAZ4nw49qYZCb6Npso','2025-10-08 06:53:58.171409'),('khuu2b2oibbnxpl75jtvcvddni2mcr7h','.eJxVjDsOwjAQBe_iGln-kXgp6XMGa-1d4wCypTipEHeHSCmgfTPzXiLgtpawdV7CTOIitDj9bhHTg-sO6I711mRqdV3mKHdFHrTLqRE_r4f7d1Cwl2_tMbF3YG12mCxgtqCUI0A0NKKOlpgG1sYpQDaQtAbOJpsxejgnGMT7A_ZxODo:1v3nfH:ATWLkO76fV4WQT_U_a5MPo7ffx0YNphmeIPvzg21BVE','2025-10-15 03:38:03.159630'),('kzcemry8as3izqotdzzegcybyzgsyk25','.eJxVjDsOwjAQBe_iGln-kXgp6XMGa-1d4wCypTipEHeHSCmgfTPzXiLgtpawdV7CTOIitDj9bhHTg-sO6I711mRqdV3mKHdFHrTLqRE_r4f7d1Cwl2_tMbF3YG12mCxgtqCUI0A0NKKOlpgG1sYpQDaQtAbOJpsxejgnGMT7A_ZxODo:1v3oz2:K45KikL4j9Qn-Sa4pdLV9x7QpQByzpawB9Y6y7v5M-A','2025-10-15 05:02:32.434269'),('paq9ce8xkosjc8vo19y5159dsfdug8wk','.eJxVjDsOwjAQBe_iGln-kXgp6XMGa-1d4wCypTipEHeHSCmgfTPzXiLgtpawdV7CTOIitDj9bhHTg-sO6I711mRqdV3mKHdFHrTLqRE_r4f7d1Cwl2_tMbF3YG12mCxgtqCUI0A0NKKOlpgG1sYpQDaQtAbOJpsxejgnGMT7A_ZxODo:1v1Dkn:FElVjhvO-Kv0y-6CW4fVwgm4BxX6ccSVXhpXzqxh79E','2025-10-08 00:53:05.338266'),('qw5e73ts8txgui612l3e24kx100ntw6y','.eJxVjDsOwjAQBe_iGln-kXgp6XMGa-1d4wCypTipEHeHSCmgfTPzXiLgtpawdV7CTOIitDj9bhHTg-sO6I711mRqdV3mKHdFHrTLqRE_r4f7d1Cwl2_tMbF3YG12mCxgtqCUI0A0NKKOlpgG1sYpQDaQtAbOJpsxejgnGMT7A_ZxODo:1vTZLF:zITTfjD9Nc_d8UN2hvWyB9ts30W8-BfKIyLYMopGNt0','2025-12-25 05:35:53.353634'),('sivdqfgkbs50dq9linz6bvs38z36qrzc','.eJxVjDsOwjAQBe_iGlnrH44p6XMGa3dt4wBypDipEHeHSCmgfTPzXiLitta49bzEKYmLMEqcfkdCfuS2k3THdpslz21dJpK7Ig_a5Tin_Lwe7t9BxV6_dQYGXZjPNoEdUJdExhcyRbPzqEEpBWRsoOy8Y0IsgzXKep98CAGCeH8AGbU3-Q:1vgBUC:LHuSQ0509MiBmN-qZJGFNaV11MBY1JhsUFfXVioy5MQ','2026-01-29 00:45:16.547062'),('t4lz0svjw4th9o1pob206c0dgod45n23','.eJxVjDsOwjAQBe_iGln-kXgp6XMGa-1d4wCypTipEHeHSCmgfTPzXiLgtpawdV7CTOIitDj9bhHTg-sO6I711mRqdV3mKHdFHrTLqRE_r4f7d1Cwl2_tMbF3YG12mCxgtqCUI0A0NKKOlpgG1sYpQDaQtAbOJpsxejgnGMT7A_ZxODo:1vNQ9W:7QemKphNtBDQcdHeDlW5qizNIF02dbGgogiysk8663k','2025-12-08 06:34:22.609169'),('td10gx4mvrba1ggex5i4c3zj17mkbqjo','.eJxVjDsOwjAQBe_iGln-kXgp6XMGa-1d4wCypTipEHeHSCmgfTPzXiLgtpawdV7CTOIitDj9bhHTg-sO6I711mRqdV3mKHdFHrTLqRE_r4f7d1Cwl2_tMbF3YG12mCxgtqCUI0A0NKKOlpgG1sYpQDaQtAbOJpsxejgnGMT7A_ZxODo:1vJOGr:mme9EG_gy1_uch_p8b-flBssoV7b-IxMWTZCup6W7h8','2025-11-27 03:45:17.880711'),('uoxszzc8mcl5ccnd8r8daec4bcrrxfg4','.eJxVjDsOwjAQBe_iGln-kXgp6XMGa-1d4wCypTipEHeHSCmgfTPzXiLgtpawdV7CTOIitDj9bhHTg-sO6I711mRqdV3mKHdFHrTLqRE_r4f7d1Cwl2_tMbF3YG12mCxgtqCUI0A0NKKOlpgG1sYpQDaQtAbOJpsxejgnGMT7A_ZxODo:1vTaIL:a_AmimlB3HF3Fpy-vYeBnVSblSMNrZ3NrASa44fICpY','2025-12-25 06:36:57.568671'),('vwvrmgvqpcwhus77l6hv4sjglpz3k5nb','.eJxVjDsOwjAQBe_iGln-kXgp6XMGa-1d4wCypTipEHeHSCmgfTPzXiLgtpawdV7CTOIitDj9bhHTg-sO6I711mRqdV3mKHdFHrTLqRE_r4f7d1Cwl2_tMbF3YG12mCxgtqCUI0A0NKKOlpgG1sYpQDaQtAbOJpsxejgnGMT7A_ZxODo:1v3sjG:NEx_lkVj-YhWWN9o4XXi7ocUUpagKhODU5v6dDhGNJI','2025-10-15 09:02:30.134952'),('z4wu5xu2a5xoencegev1ypcu3wvyft7u','.eJxVjDsOwjAQBe_iGln-kXgp6XMGa-1d4wCypTipEHeHSCmgfTPzXiLgtpawdV7CTOIitDj9bhHTg-sO6I711mRqdV3mKHdFHrTLqRE_r4f7d1Cwl2_tMbF3YG12mCxgtqCUI0A0NKKOlpgG1sYpQDaQtAbOJpsxejgnGMT7A_ZxODo:1v3sbd:byyV-ilA2VkToQWIYbSNrHYQeCIkXL4ErLs5LulQGQA','2025-10-15 08:54:37.181548');
/*!40000 ALTER TABLE `django_session` ENABLE KEYS */;
UNLOCK TABLES;

--
-- Table structure for table `main_accountregistration`
--

DROP TABLE IF EXISTS `main_accountregistration`;
/*!40101 SET @saved_cs_client     = @@character_set_client */;
/*!50503 SET character_set_client = utf8mb4 */;
CREATE TABLE `main_accountregistration` (
  `id` bigint NOT NULL AUTO_INCREMENT,
  `last_login` datetime(6) DEFAULT NULL,
  `is_superuser` tinyint(1) NOT NULL,
  `username` varchar(150) NOT NULL,
  `is_staff` tinyint(1) NOT NULL,
  `is_active` tinyint(1) NOT NULL,
  `date_joined` datetime(6) NOT NULL,
  `first_name` varchar(100) NOT NULL,
  `middle_name` varchar(100) NOT NULL,
  `last_name` varchar(100) NOT NULL,
  `email` varchar(254) NOT NULL,
  `id_number` varchar(50) NOT NULL,
  `contact_number` varchar(15) NOT NULL,
  `gender` varchar(1) NOT NULL,
  `department` varchar(100) NOT NULL,
  `privilege` varchar(10) NOT NULL,
  `password` varchar(128) NOT NULL,
  `status` varchar(15) NOT NULL,
  PRIMARY KEY (`id`),
  UNIQUE KEY `username` (`username`),
  UNIQUE KEY `email` (`email`),
  UNIQUE KEY `id_number` (`id_number`)
) ENGINE=InnoDB AUTO_INCREMENT=32 DEFAULT CHARSET=utf8mb4 COLLATE=utf8mb4_0900_ai_ci;
/*!40101 SET character_set_client = @saved_cs_client */;

--
-- Dumping data for table `main_accountregistration`
--

LOCK TABLES `main_accountregistration` WRITE;
/*!40000 ALTER TABLE `main_accountregistration` DISABLE KEYS */;
INSERT INTO `main_accountregistration` VALUES (1,'2026-01-14 23:57:34.764122',1,'admin',1,1,'2025-09-24 00:48:20.934436','System','','Administrator','admin@issc.local','ADMIN001','000-000-0000','M','BSIT','admin','argon2$argon2id$v=19$m=102400,t=2,p=8$Y09wMXBmN1VPNHBjMHluRnNJUm5WbA$QZ4nDaMC6qYShVJak5dEOWke206mwecjuaN+ZEg6tXs','allowed'),(4,'2025-11-30 18:59:20.999645',0,'2025-00001-CL-0',0,1,'2025-11-12 10:19:22.900036','test','test','test','test@gmail.com','2025-00001-CL-0','09090909090','M','BSIT','student','argon2$argon2id$v=19$m=102400,t=2,p=8$QzFCZXAyejgzaVFPclJLb2cyTmNVZw$ngLg+vFujViSAsYGe+87OoEhz623j6BPN5JZYMHa0RQ','allowed'),(5,'2025-12-11 04:53:50.195806',0,'00001',0,1,'2025-11-12 11:08:16.777566','facultyfirst','facultymidle','facultylast','faculty@gmail.com','00001','09090909090','M','BSIT','faculty','argon2$argon2id$v=19$m=102400,t=2,p=8$RnNSb1BSdFptWVpaTFcydmNnV2JFSw$MxXgph2sqP6YAusfzI/5Bds1oxBHvkjLIQYH/Ip6MU0','allowed'),(10,NULL,0,'2025-00002-CL-0',0,1,'2025-11-12 12:44:54.289494','test','test','test','test1@gmail.com','2025-00002-CL-0','09090909090','M','BSIT','student','argon2$argon2id$v=19$m=102400,t=2,p=8$VVpQVHYxaFJwWVBaREN0eGgwMUNtMg$rWgP2cqX1f+1i9rS0s/hprh8K8ddMVCkVjh4kyU4vhI','allowed'),(18,'2025-12-04 15:40:43.058449',0,'student0001',0,1,'2025-11-24 14:49:52.904345','Vince Erick','','Quiozon','vinceerickquiozon14@gmail.com','student0001','09304217567','M','BSIT','student','argon2$argon2id$v=19$m=102400,t=2,p=8$azQ1V2YwN3l0dmFZRFNTZnB1OHhURA$ngtOoMq+4RY/ri5ApR5qBEVhYebMKuB5nwtNDEtIG9A','allowed'),(23,NULL,0,'student0002',0,1,'2025-12-08 14:36:47.832538','Jeraljean','Evanes','Cabillon','cabillonjeraljean42@gmail.com','student0002','09265166657','M','BSIT','student','argon2$argon2id$v=19$m=102400,t=2,p=8$ZVhnRW9FWGw0dERLd05DWnBKeTFBcg$JCOCc5p3DM1XacgzHqtps0HCLxOyTDbTqVPJ4CBhaEo','allowed'),(31,'2026-01-15 00:45:16.547062',0,'student0003',0,1,'2026-01-15 00:09:52.771299','student','','3','shekaigarcia@gmail.com','student0003','09123456789','M','BSIT','student','argon2$argon2id$v=19$m=102400,t=2,p=8$RXZLb285RGhtTk92blJ2VVlYUWV1VA$3VVWR0GJ/HhqKgvaL8Qe8xYmjHwXDkeZYiXMUdDCpgk','allowed');
/*!40000 ALTER TABLE `main_accountregistration` ENABLE KEYS */;
UNLOCK TABLES;

--
-- Table structure for table `main_accountregistration_groups`
--

DROP TABLE IF EXISTS `main_accountregistration_groups`;
/*!40101 SET @saved_cs_client     = @@character_set_client */;
/*!50503 SET character_set_client = utf8mb4 */;
CREATE TABLE `main_accountregistration_groups` (
  `id` bigint NOT NULL AUTO_INCREMENT,
  `accountregistration_id` bigint NOT NULL,
  `group_id` int NOT NULL,
  PRIMARY KEY (`id`),
  UNIQUE KEY `main_accountregistration_accountregistration_id_g_ec15cfad_uniq` (`accountregistration_id`,`group_id`),
  KEY `main_accountregistra_group_id_1217eeb2_fk_auth_grou` (`group_id`),
  CONSTRAINT `main_accountregistra_accountregistration__622b4a2a_fk_main_acco` FOREIGN KEY (`accountregistration_id`) REFERENCES `main_accountregistration` (`id`),
  CONSTRAINT `main_accountregistra_group_id_1217eeb2_fk_auth_grou` FOREIGN KEY (`group_id`) REFERENCES `auth_group` (`id`)
) ENGINE=InnoDB DEFAULT CHARSET=utf8mb4 COLLATE=utf8mb4_0900_ai_ci;
/*!40101 SET character_set_client = @saved_cs_client */;

--
-- Dumping data for table `main_accountregistration_groups`
--

LOCK TABLES `main_accountregistration_groups` WRITE;
/*!40000 ALTER TABLE `main_accountregistration_groups` DISABLE KEYS */;
/*!40000 ALTER TABLE `main_accountregistration_groups` ENABLE KEYS */;
UNLOCK TABLES;

--
-- Table structure for table `main_accountregistration_user_permissions`
--

DROP TABLE IF EXISTS `main_accountregistration_user_permissions`;
/*!40101 SET @saved_cs_client     = @@character_set_client */;
/*!50503 SET character_set_client = utf8mb4 */;
CREATE TABLE `main_accountregistration_user_permissions` (
  `id` bigint NOT NULL AUTO_INCREMENT,
  `accountregistration_id` bigint NOT NULL,
  `permission_id` int NOT NULL,
  PRIMARY KEY (`id`),
  UNIQUE KEY `main_accountregistration_accountregistration_id_p_3705a1e4_uniq` (`accountregistration_id`,`permission_id`),
  KEY `main_accountregistra_permission_id_3154d92a_fk_auth_perm` (`permission_id`),
  CONSTRAINT `main_accountregistra_accountregistration__f930a2f5_fk_main_acco` FOREIGN KEY (`accountregistration_id`) REFERENCES `main_accountregistration` (`id`),
  CONSTRAINT `main_accountregistra_permission_id_3154d92a_fk_auth_perm` FOREIGN KEY (`permission_id`) REFERENCES `auth_permission` (`id`)
) ENGINE=InnoDB DEFAULT CHARSET=utf8mb4 COLLATE=utf8mb4_0900_ai_ci;
/*!40101 SET character_set_client = @saved_cs_client */;

--
-- Dumping data for table `main_accountregistration_user_permissions`
--

LOCK TABLES `main_accountregistration_user_permissions` WRITE;
/*!40000 ALTER TABLE `main_accountregistration_user_permissions` DISABLE KEYS */;
/*!40000 ALTER TABLE `main_accountregistration_user_permissions` ENABLE KEYS */;
UNLOCK TABLES;

--
-- Table structure for table `main_facelogs`
--

DROP TABLE IF EXISTS `main_facelogs`;
/*!40101 SET @saved_cs_client     = @@character_set_client */;
/*!50503 SET character_set_client = utf8mb4 */;
CREATE TABLE `main_facelogs` (
  `id` bigint NOT NULL AUTO_INCREMENT,
  `first_name` varchar(100) NOT NULL,
  `middle_name` varchar(100) NOT NULL,
  `last_name` varchar(100) NOT NULL,
  `date` date NOT NULL,
  `time` time(6) NOT NULL,
  `id_number_id` varchar(50) NOT NULL,
  `created_at` datetime(6) NOT NULL,
  PRIMARY KEY (`id`),
  KEY `main_facelogs_id_number_id_141295c2_fk_main_acco` (`id_number_id`),
  CONSTRAINT `main_facelogs_id_number_id_141295c2_fk_main_acco` FOREIGN KEY (`id_number_id`) REFERENCES `main_accountregistration` (`id_number`)
) ENGINE=InnoDB AUTO_INCREMENT=37 DEFAULT CHARSET=utf8mb4 COLLATE=utf8mb4_0900_ai_ci;
/*!40101 SET character_set_client = @saved_cs_client */;

--
-- Dumping data for table `main_facelogs`
--

LOCK TABLES `main_facelogs` WRITE;
/*!40000 ALTER TABLE `main_facelogs` DISABLE KEYS */;
INSERT INTO `main_facelogs` VALUES (1,'System','','Administrator','2025-11-13','06:00:54.609766','ADMIN001','2025-11-12 22:00:54.609766'),(2,'System','','Administrator','2025-11-13','06:01:50.389412','ADMIN001','2025-11-12 22:01:50.389412'),(3,'System','','Administrator','2025-11-13','06:02:10.413401','ADMIN001','2025-11-12 22:02:10.413401'),(4,'System','','Administrator','2025-11-13','06:02:32.280315','ADMIN001','2025-11-12 22:02:32.280315'),(5,'System','','Administrator','2025-11-13','06:02:52.577880','ADMIN001','2025-11-12 22:02:52.577880'),(6,'System','','Administrator','2025-11-13','06:04:06.585768','ADMIN001','2025-11-12 22:04:06.585768'),(7,'System','','Administrator','2025-11-13','06:04:28.741824','ADMIN001','2025-11-12 22:04:28.741824'),(8,'System','','Administrator','2025-11-13','06:04:54.721030','ADMIN001','2025-11-12 22:04:54.721030'),(9,'System','','Administrator','2025-11-13','06:05:14.977969','ADMIN001','2025-11-12 22:05:14.977969'),(10,'System','','Administrator','2025-11-13','06:05:35.203861','ADMIN001','2025-11-12 22:05:35.203861'),(11,'System','','Administrator','2025-11-13','06:05:55.825324','ADMIN001','2025-11-12 22:05:55.825324'),(12,'System','','Administrator','2025-11-13','06:06:16.641730','ADMIN001','2025-11-12 22:06:16.641730'),(13,'System','','Administrator','2025-11-13','06:06:37.618181','ADMIN001','2025-11-12 22:06:37.618181'),(14,'System','','Administrator','2025-11-13','06:06:58.313811','ADMIN001','2025-11-12 22:06:58.313811'),(15,'System','','Administrator','2025-11-13','06:11:58.123101','ADMIN001','2025-11-12 22:11:58.123101'),(16,'System','','Administrator','2025-11-13','06:12:00.564562','ADMIN001','2025-11-12 22:12:00.564562'),(17,'System','','Administrator','2025-11-13','06:12:02.995852','ADMIN001','2025-11-12 22:12:02.995852'),(18,'System','','Administrator','2025-11-13','06:12:05.289636','ADMIN001','2025-11-12 22:12:05.289636'),(19,'System','','Administrator','2025-11-13','06:12:07.302580','ADMIN001','2025-11-12 22:12:07.302580'),(20,'System','','Administrator','2025-11-13','06:12:09.697909','ADMIN001','2025-11-12 22:12:09.697909'),(21,'System','','Administrator','2025-11-13','06:12:12.283054','ADMIN001','2025-11-12 22:12:12.283054'),(22,'System','','Administrator','2025-11-13','06:12:14.679540','ADMIN001','2025-11-12 22:12:14.679540'),(23,'System','','Administrator','2025-11-13','06:12:17.103828','ADMIN001','2025-11-12 22:12:17.103828'),(24,'System','','Administrator','2025-11-13','06:12:36.082805','ADMIN001','2025-11-12 22:12:36.082805'),(25,'System','','Administrator','2025-11-13','06:12:38.569678','ADMIN001','2025-11-12 22:12:38.569678'),(26,'System','','Administrator','2025-11-24','14:45:32.538815','ADMIN001','2025-11-24 06:45:32.538815'),(27,'System','','Administrator','2025-11-24','14:56:31.761552','ADMIN001','2025-11-24 06:56:31.761552'),(28,'System','','Administrator','2025-11-24','14:57:58.943131','ADMIN001','2025-11-24 06:57:58.943131'),(29,'System','','Administrator','2025-11-24','14:58:01.396055','ADMIN001','2025-11-24 06:58:01.396055'),(30,'System','','Administrator','2025-11-24','14:58:05.942599','ADMIN001','2025-11-24 06:58:05.942599'),(31,'System','','Administrator','2025-11-24','14:58:09.110875','ADMIN001','2025-11-24 06:58:09.110875'),(32,'System','','Administrator','2025-11-24','14:58:11.300629','ADMIN001','2025-11-24 06:58:11.300629'),(33,'System','','Administrator','2025-11-24','14:58:14.889739','ADMIN001','2025-11-24 06:58:14.889739'),(34,'System','','Administrator','2025-11-24','14:58:19.042384','ADMIN001','2025-11-24 06:58:19.042384'),(35,'System','','Administrator','2025-11-24','14:58:23.118721','ADMIN001','2025-11-24 06:58:23.118721'),(36,'System','','Administrator','2025-11-24','14:59:47.060442','ADMIN001','2025-11-24 06:59:47.060442');
/*!40000 ALTER TABLE `main_facelogs` ENABLE KEYS */;
UNLOCK TABLES;

--
-- Table structure for table `main_facesembeddings`
--

DROP TABLE IF EXISTS `main_facesembeddings`;
/*!40101 SET @saved_cs_client     = @@character_set_client */;
/*!50503 SET character_set_client = utf8mb4 */;
CREATE TABLE `main_facesembeddings` (
  `face_id` char(32) NOT NULL,
  `created_at` datetime(6) NOT NULL,
  `updated_at` datetime(6) NOT NULL,
  `id_number_id` varchar(50) NOT NULL,
  `front_embedding` json NOT NULL DEFAULT (_utf8mb3'{}'),
  `left_embedding` json NOT NULL DEFAULT (_utf8mb3'{}'),
  `right_embedding` json NOT NULL DEFAULT (_utf8mb3'{}'),
  PRIMARY KEY (`face_id`),
  KEY `main_facesembeddings_id_number_id_bc7fda97_fk_main_acco` (`id_number_id`),
  CONSTRAINT `main_facesembeddings_id_number_id_bc7fda97_fk_main_acco` FOREIGN KEY (`id_number_id`) REFERENCES `main_accountregistration` (`id_number`)
) ENGINE=InnoDB DEFAULT CHARSET=utf8mb4 COLLATE=utf8mb4_0900_ai_ci;
/*!40101 SET character_set_client = @saved_cs_client */;

--
-- Dumping data for table `main_facesembeddings`
--

LOCK TABLES `main_facesembeddings` WRITE;
/*!40000 ALTER TABLE `main_facesembeddings` DISABLE KEYS */;
INSERT INTO `main_facesembeddings` VALUES ('5ad6fe22feba43e6b0be58f66452353b','2025-11-12 21:40:39.207780','2025-11-12 21:40:39.207780','ADMIN001','[0.9764349460601808, -0.807491660118103, -1.6336023807525637, -0.5585939288139343, 0.2738223075866699, 0.2268107682466507, 0.1041390597820282, -0.22311264276504517, 0.034468330442905426, 0.9453381896018982, -1.8352099657058716, -0.4907118082046509, -0.2688525319099426, -0.19727925956249237, 1.0257385969161987, -0.10358123481273653, 1.319486379623413, -2.305579423904419, -0.05807001143693924, -1.7182680368423462, 0.9519203901290894, 0.3319805860519409, -2.08725905418396, 0.6012776494026184, 1.695909023284912, -0.537867546081543, 0.7379336357116699, 0.7048175930976868, 0.6590481996536255, 1.1639636754989624, 1.0295467376708984, 0.16412010788917542, 0.09732437878847122, -0.282240629196167, -0.4065744876861572, 1.1916265487670898, -2.0557291507720947, -0.5750179290771484, 0.6335636973381042, -0.6444909572601318, -0.540937602519989, 2.175225019454956, -0.6299605369567871, -1.2350010871887207, 0.5128943920135498, 0.7938864231109619, 0.4768882691860199, -0.47260409593582153, -0.9715083837509156, 0.3673464357852936, -1.263298273086548, 1.1737337112426758, 0.33446767926216125, -2.258492946624756, 0.5180054903030396, 0.008881151676177979, -0.10991145670413972, -0.5829376578330994, 2.474400043487549, -0.23904117941856384, -0.35795703530311584, -0.9429953694343568, 0.4541493058204651, 0.3766247630119324, 1.018957257270813, -0.9509164690971376, -0.3612211048603058, -0.11704922467470168, -0.6535208821296692, -1.7409791946411133, 0.6592226028442383, -0.5899372100830078, -0.06709443032741547, -2.6533238887786865, 0.9762319922447203, 0.7924270033836365, 0.13918712735176086, 0.7751346826553345, 0.2565292418003082, 0.34552037715911865, -0.8209887146949768, 1.4179623126983645, -0.4766606092453003, -0.29580602049827576, 0.07598558068275452, -0.036835961043834686, -0.4123719930648804, -0.34191960096359253, -0.4533386826515198, 0.8333104252815247, 1.3885148763656616, 1.951910138130188, -0.9149612188339232, 1.2028595209121704, 0.6583207249641418, 0.4487403929233551, -1.6280593872070312, -0.5831582546234131, -0.33588528633117676, 2.6118392944335938, 0.8062186241149902, 0.9807527661323548, 0.32945096492767334, -1.8227500915527344, -1.2143137454986572, -1.2174965143203735, -1.319061517715454, 1.396916747093201, -0.1742732971906662, -0.6524035930633545, -0.6137223243713379, -0.6826550960540771, 0.022942766547203064, 0.7205453515052795, 1.474465250968933, 0.045954011380672455, 0.5655897855758667, 1.6506115198135376, 0.13249991834163666, 1.6281455755233765, 1.9863314628601072, 0.3891953527927398, -0.06260214000940323, -0.7970036864280701, 0.024205315858125687, -1.0465319156646729, 0.8519323468208313, -2.152995347976685]','[0.4982586205005646, -1.172784686088562, -0.34570252895355225, -1.3389393091201782, -0.027812747284770012, -0.3539505898952484, 0.13219819962978363, -0.1399853229522705, -0.6269310116767883, -0.4042498469352722, -0.06859445571899414, -0.2479659765958786, 0.1945791095495224, -0.8555362224578857, 0.31713610887527466, 0.1358707696199417, 1.179463028907776, -0.9885964393615724, 0.5666702389717102, -0.6949101090431213, -0.2084171175956726, 0.19897004961967468, -0.8070678114891052, 0.4582315981388092, 0.6942076683044434, 0.07852736115455627, -0.0769149512052536, 1.140450119972229, 0.105675607919693, -0.5471825003623962, 0.4454569220542908, 0.4143068492412567, -0.10596299171447754, -0.2460463047027588, 0.09321623295545578, 0.3854793906211853, -1.0558360815048218, 0.05425088107585907, 0.4610726833343506, -0.6499882936477661, -0.1952250599861145, 0.9430404305458068, 0.2699258029460907, -0.8513072729110718, 0.483952671289444, -0.4861243665218353, 0.44858279824256897, 0.24396741390228271, -0.7673991918563843, 0.39785853028297424, -0.7557209134101868, 1.0085147619247437, 0.38194039463996887, -1.0541547536849976, -0.051449213176965714, 0.696821928024292, -0.2357679158449173, 0.018166672438383102, 0.7096592783927917, -0.2680720388889313, 0.36745885014534, -0.25521522760391235, -0.18185777962207791, 1.7396947145462036, 0.4162798821926117, 0.583366870880127, 0.7900105118751526, 0.12181771546602248, 0.09636560827493668, -0.2265072613954544, -0.1792745590209961, -0.534150242805481, 0.1736844778060913, -1.4904788732528689, -0.3724019527435303, 0.2686246335506439, -0.6965646743774414, -0.05254191532731056, -0.18146836757659912, -0.9258637428283693, -0.35262730717658997, 0.582980751991272, -0.90248042345047, 0.22753986716270447, 1.0416810512542725, -1.538867712020874, 0.7552545666694641, -1.1257312297821045, -0.6470088958740234, 0.48894140124320984, 0.6058315634727478, 0.31440576910972595, -0.6485031843185425, 0.1141165941953659, 0.7241424322128296, -0.0891510546207428, -0.4018202722072602, -0.057701945304870605, -0.736241340637207, 0.7501621842384338, 0.8020702600479126, 0.3583242893218994, 0.8157687783241272, -0.5806627869606018, -0.5214062929153442, 0.8334476351737976, -0.18056738376617432, 0.040432389825582504, -0.5105116367340088, -0.8899198174476624, -0.4401964247226715, 0.967704176902771, 0.96186101436615, 0.5135506391525269, 0.5546439290046692, 0.1576974242925644, -0.325865238904953, 0.9070157408714294, 0.030070994049310684, 0.6613961458206177, 0.8424733281135559, 0.602841854095459, 0.6481876373291016, 0.81120365858078, 1.299219846725464, -1.6638596057891846, 0.7258487939834595, -0.8996272087097168]','[1.07514226436615, -1.154224514961243, -1.0784316062927246, -1.0416184663772583, -0.2937285900115967, -0.589995265007019, 0.30379346013069153, -0.5894464254379272, -0.06559935212135315, -0.4061540961265564, -1.940847396850586, 0.4048949182033539, 0.8598858714103699, -0.4155366122722626, 0.5994982719421387, 0.15342622995376587, 0.5124708414077759, -2.1063618659973145, -0.8588537573814392, -1.239655613899231, 0.07373625040054321, 0.6812515258789062, -1.9612934589385984, 0.7773096561431885, 0.8435025215148926, -0.17398756742477417, 0.6109721660614014, 0.2476757764816284, 0.9662854075431824, 0.3890374004840851, 0.6237345933914185, -0.25761377811431885, -0.02609807252883911, -0.1730305552482605, -0.39976200461387634, 1.2269456386566162, -2.612456798553467, -0.4350414276123047, 0.24216985702514648, -0.297242134809494, -0.1954004168510437, 1.9564930200576784, -0.3071019649505615, -1.1331759691238403, 0.7782825231552124, -0.4660969376564026, 0.6726886034011841, 0.285464346408844, -1.0533274412155151, -0.1727515608072281, -0.8845843076705933, 1.0524744987487793, -0.03779331594705582, -2.083606004714966, 0.2839389443397522, 0.2695578634738922, -0.17911937832832336, -0.3717523515224457, 1.4909998178482056, 0.4646989405155182, -0.2010553777217865, -0.6868874430656433, -0.8230823874473572, 0.9014648795127868, 0.9073536396026612, 0.08573785424232483, 0.13064806163311005, -0.2036491185426712, -0.6058133840560913, -1.424453854560852, 0.6584457755088806, -0.3486645221710205, 0.3598323166370392, -2.6737873554229736, 1.890808343887329, -0.1020394116640091, -0.7460209131240845, 0.7032833099365234, 0.20480772852897644, -1.1975157260894775, -0.6060231924057007, 0.90771746635437, -0.775967001914978, -0.22404545545578003, 0.48274239897727966, -0.3931895196437836, -0.13373999297618866, -0.7720049023628235, 0.2190777063369751, 0.3682743310928345, 1.216570258140564, 1.678557515144348, -0.17572030425071716, -0.10831796377897264, 0.8541023135185242, 1.6731938123703003, -1.2458103895187378, -0.5187246203422546, 0.05275741219520569, 1.828887939453125, 1.185257077217102, 0.9200637936592102, 0.3521684408187866, -1.3281313180923462, -0.342246949672699, -0.7841010689735413, -0.3447233736515045, 0.98313307762146, -0.43039730191230774, -1.0561728477478027, -0.28984004259109497, 0.6802237033843994, 0.3481758236885071, 0.125992551445961, 1.0292242765426636, 0.5473284721374512, -0.22693221271038055, 2.5117948055267334, -0.0822797492146492, 0.8130161166191101, 1.9549775123596191, -0.18593667447566983, 0.5898124575614929, -0.5458178520202637, 0.690578818321228, -1.3406964540481567, -0.018604595214128498, -1.9736615419387815]');
/*!40000 ALTER TABLE `main_facesembeddings` ENABLE KEYS */;
UNLOCK TABLES;

--
-- Table structure for table `main_incidentreport`
--

DROP TABLE IF EXISTS `main_incidentreport`;
/*!40101 SET @saved_cs_client     = @@character_set_client */;
/*!50503 SET character_set_client = utf8mb4 */;
CREATE TABLE `main_incidentreport` (
  `id` bigint NOT NULL AUTO_INCREMENT,
  `first_name` varchar(30) NOT NULL,
  `middle_name` varchar(30) DEFAULT NULL,
  `last_name` varchar(30) NOT NULL,
  `contact_number` varchar(15) NOT NULL,
  `id_number` varchar(100) NOT NULL,
  `subject` varchar(255) NOT NULL,
  `location` varchar(255) NOT NULL,
  `incident` longtext NOT NULL,
  `request_for_action` longtext NOT NULL,
  `reported_by` varchar(100) NOT NULL,
  `position` varchar(100) NOT NULL,
  `department` varchar(100) NOT NULL,
  `phone_number` varchar(15) NOT NULL,
  `file` varchar(100) NOT NULL,
  `status` varchar(20) NOT NULL,
  `date_joined` datetime(6) NOT NULL,
  `date` date NOT NULL,
  `time` time(6) NOT NULL,
  `last_updated` datetime(6) NOT NULL,
  `last_updated_by` varchar(100) NOT NULL,
  `is_archived` tinyint(1) NOT NULL,
  `people_involved` longtext,
  `invalidation_reason` longtext,
  PRIMARY KEY (`id`)
) ENGINE=InnoDB AUTO_INCREMENT=24 DEFAULT CHARSET=utf8mb4 COLLATE=utf8mb4_0900_ai_ci;
/*!40101 SET character_set_client = @saved_cs_client */;

--
-- Dumping data for table `main_incidentreport`
--

LOCK TABLES `main_incidentreport` WRITE;
/*!40000 ALTER TABLE `main_incidentreport` DISABLE KEYS */;
INSERT INTO `main_incidentreport` VALUES (1,'test','','test','09129675645','2025-00001-CL-0','Theft','101','qaoshd','qejdhbb','test test','qwef','TEST','09129675645','','closed','2025-10-01 10:48:43.419133','2025-10-01','18:48:43.419133','2025-12-04 14:56:59.855631','ADMIN001',0,NULL,'issue resolve'),(2,'test','','test','09129675645','2025-00001-CL-0','Theft','101','qwe','qwe','test test','qwe','TEST','09129675645','files/student_import_template_1.xlsx','pending','2025-10-01 10:49:30.411554','2025-10-01','18:49:30.423676','2025-11-12 12:35:19.023831','ADMIN001',0,NULL,NULL),(3,'test','','test','09129675645','2025-00001-CL-0','Missing','101','gwesf','segddf','test test','segseg','TEST','09129675645','','open','2025-11-07 02:24:39.269828','2025-11-07','10:24:39.269828','2025-11-11 04:42:46.111546','2025-00001-CL-0',1,NULL,NULL),(4,'test','','test','09129675645','2025-00001-CL-0','Damage of Property','101','gessg','sfefse','test test','fsefes','TEST','09129675645','','pending','2025-11-07 02:24:52.716845','2025-11-07','10:24:52.716845','2025-11-11 04:45:07.656510','2025-00001-CL-0',0,NULL,NULL),(5,'test','test','test','09129675645','2025-00001-CL-0','Threats/Harassment','101','try','try','test test','try','TEST','09129675645','','closed','2025-11-11 04:40:44.331036','2025-11-11','12:40:44.331036','2025-11-11 04:47:57.095651','ADMIN001',0,NULL,NULL),(6,'System','','Administrator','000-000-0000','ADMIN001','Bullying/Fights','101','htrgrf','ntbdrs','System Administrator','brfvsd','Administration','000-000-0000','','closed','2025-11-11 04:44:44.947929','2025-11-11','12:44:44.947929','2025-11-12 12:53:03.828797','00001',0,NULL,NULL),(7,'System','','Administrator','000-000-0000','ADMIN001','Damage of Property','101','trhbdrvs','mytnfg','System Administrator','tnfbd','Administration','000-000-0000','','closed','2025-11-11 04:45:58.413112','2025-11-11','12:45:58.413112','2025-11-12 18:43:50.197351','00001',0,NULL,NULL),(8,'test','test','test','09090909090','2025-00001-CL-0','Theft','101','wqe','puiyurtydr','test test','student','BSIT','09090909090','','closed','2025-11-12 16:26:51.000598','2025-11-13','00:26:51.000598','2025-12-04 13:12:45.329561','ADMIN001',0,NULL,NULL),(9,'test','test','test','09090909090','2025-00001-CL-0','Theft','101','qwerty','qwerty','test test','student','BSIT','09090909090','','closed','2025-11-12 18:19:09.628779','2025-11-13','02:19:09.628779','2025-12-04 13:54:25.042155','00001',0,NULL,NULL),(10,'test','test','test','09090909090','2025-00001-CL-0','Theft','101','ytrewq','ytrewq','test test','student','BSIT','09090909090','','closed','2025-11-12 18:20:22.349660','2025-11-13','02:20:22.349660','2025-12-04 14:39:21.623775','ADMIN001',0,NULL,NULL),(11,'test','test','test','09090909090','2025-00001-CL-0','Theft','101','wasd','wasd','test test','student','BSIT','09090909090','','pending','2025-11-12 18:21:47.017307','2025-11-13','02:21:47.018428','2026-01-15 00:02:15.876262','ADMIN001',0,NULL,NULL),(12,'test','test','test','09090909090','2025-00001-CL-0','Theft','101','qwert','qwerty','test test','student','BSIT','09090909090','','closed','2025-11-13 03:08:52.885848','2025-11-13','11:08:52.885848','2025-11-24 08:56:23.944484','ADMIN001',0,'None',NULL),(13,'hat','hat','hat','09090909090','1122','Theft','101','qwer','rweq','test test','student','BSIT','09304217567','','closed','2025-11-21 15:38:01.412202','2025-11-21','23:38:01.412202','2025-11-23 18:00:49.535704','00001',0,NULL,NULL),(14,'test','test','test','09090909090','2025-00001-CL-0','Theft','101','hatdog','hatdog','long','Student','BSIT','09090909090','','closed','2025-11-21 17:41:43.158520','2025-11-22','01:41:43.158520','2025-11-23 19:41:36.067416','00001',0,NULL,NULL),(15,'test','test','test','09090909090','2025-00001-CL-0','poiuyt','101','qwepu','qwoeihasdqw','test test','Student','BSIT','09090909090','','closed','2025-11-23 17:53:53.977430','2025-11-24','01:53:53.978431','2025-11-23 19:41:22.859150','00001',0,'bins',NULL),(16,'test','test','test','09090909090','2025-00001-CL-0','Theft','101','qweasdqd','qweasdqwdasdqwdq','test test','Student','BSIT','09090909090','','pending','2025-11-23 18:16:16.886241','2025-11-24','02:16:16.886241','2025-11-23 19:41:24.843091','00001',0,'qwpehdsa',NULL),(17,'test','test','test','09090909090','2025-00001-CL-0','Theft','101','teft','action','test test','Student','BSIT','09090909090','','closed','2025-11-24 07:26:26.825077','2025-11-24','15:26:26.825077','2025-11-24 07:31:02.114500','00001',0,'sinclair',NULL),(18,'facultyfirst','facultymidle','facultylast','09090909090','00001','Theft','101','description','actiontest','facultyfirst facultylast','Faculty','BSIT','09090909090','','pending','2025-11-24 07:46:51.691950','2025-11-24','15:46:51.691950','2025-11-24 09:12:53.034047','00001',0,'testinvolved',NULL),(19,'Vince Erick','','Quiozon','09304217567','student0001','Theft','101','test description','test description','Vince Erick Quiozon','Student','BSIT','09304217567','','closed','2025-12-04 14:07:03.914357','2025-12-04','22:07:03.914357','2025-12-04 14:36:40.028488','ADMIN001',0,'sinclair\r\nrafael',NULL),(20,'Vince Erick','','Quiozon','09304217567','student0001','Bullying/Fights','101','update','update','Vince Erick Quiozon','Student','BSIT','09304217567','','closed','2025-12-04 14:59:02.611315','2025-12-04','22:59:02.611315','2025-12-04 14:59:31.106548','ADMIN001',0,'rafael','issue resolved update'),(21,'System','','Administrator','000-000-0000','ADMIN001','Theft','101','b jhbjhb',' jhjh ','System Administrator','Admin','BSIT','000-000-0000','','pending','2025-12-09 02:09:10.346544','2025-12-09','10:09:10.346544','2026-01-15 00:05:50.923900','admin0001',0,'njbhgv',NULL),(22,'student','','3','09123456789','student0003','Building Maintenance Issues','304','gnjfahgeas','rsgearese','student 3','Student','BSIT','09123456789','files/8d544326-d624-47ab-b00b-51ebf768bf04.jpg','pending','2026-01-15 00:11:19.188874','2026-01-15','08:11:19.192954','2026-01-15 00:12:02.959453','ADMIN001',0,'awdvae, wa,f ,aw ,sda',NULL),(23,'student','','3','09123456789','student0003','Theft','101','hrgesfa','hrgsefa','student 3','Student','BSIT','09123456789','','open','2026-01-15 00:12:16.042298','2026-01-15','08:12:16.042298','2026-01-15 00:12:16.042298','',0,'hgsfa',NULL);
/*!40000 ALTER TABLE `main_incidentreport` ENABLE KEYS */;
UNLOCK TABLES;

--
-- Table structure for table `main_incidentreport_faculty_involved`
--

DROP TABLE IF EXISTS `main_incidentreport_faculty_involved`;
/*!40101 SET @saved_cs_client     = @@character_set_client */;
/*!50503 SET character_set_client = utf8mb4 */;
CREATE TABLE `main_incidentreport_faculty_involved` (
  `id` bigint NOT NULL AUTO_INCREMENT,
  `incidentreport_id` bigint NOT NULL,
  `accountregistration_id` bigint NOT NULL,
  PRIMARY KEY (`id`),
  UNIQUE KEY `main_incidentreport_facu_incidentreport_id_accoun_75c87cd5_uniq` (`incidentreport_id`,`accountregistration_id`),
  KEY `main_incidentreport__accountregistration__732729b0_fk_main_acco` (`accountregistration_id`),
  CONSTRAINT `main_incidentreport__accountregistration__732729b0_fk_main_acco` FOREIGN KEY (`accountregistration_id`) REFERENCES `main_accountregistration` (`id`),
  CONSTRAINT `main_incidentreport__incidentreport_id_df081f7f_fk_main_inci` FOREIGN KEY (`incidentreport_id`) REFERENCES `main_incidentreport` (`id`)
) ENGINE=InnoDB AUTO_INCREMENT=3 DEFAULT CHARSET=utf8mb4 COLLATE=utf8mb4_0900_ai_ci;
/*!40101 SET character_set_client = @saved_cs_client */;

--
-- Dumping data for table `main_incidentreport_faculty_involved`
--

LOCK TABLES `main_incidentreport_faculty_involved` WRITE;
/*!40000 ALTER TABLE `main_incidentreport_faculty_involved` DISABLE KEYS */;
INSERT INTO `main_incidentreport_faculty_involved` VALUES (1,21,1),(2,23,1);
/*!40000 ALTER TABLE `main_incidentreport_faculty_involved` ENABLE KEYS */;
UNLOCK TABLES;

--
-- Table structure for table `main_incidentupdate`
--

DROP TABLE IF EXISTS `main_incidentupdate`;
/*!40101 SET @saved_cs_client     = @@character_set_client */;
/*!50503 SET character_set_client = utf8mb4 */;
CREATE TABLE `main_incidentupdate` (
  `id` bigint NOT NULL AUTO_INCREMENT,
  `reason` longtext NOT NULL,
  `file` varchar(100) DEFAULT NULL,
  `created_by` varchar(100) NOT NULL,
  `created_at` datetime(6) NOT NULL,
  `close_case` tinyint(1) NOT NULL,
  `incident_id` bigint NOT NULL,
  PRIMARY KEY (`id`),
  KEY `main_incidentupdate_incident_id_31f606b6_fk_main_inci` (`incident_id`),
  CONSTRAINT `main_incidentupdate_incident_id_31f606b6_fk_main_inci` FOREIGN KEY (`incident_id`) REFERENCES `main_incidentreport` (`id`)
) ENGINE=InnoDB AUTO_INCREMENT=11 DEFAULT CHARSET=utf8mb4 COLLATE=utf8mb4_0900_ai_ci;
/*!40101 SET character_set_client = @saved_cs_client */;

--
-- Dumping data for table `main_incidentupdate`
--

LOCK TABLES `main_incidentupdate` WRITE;
/*!40000 ALTER TABLE `main_incidentupdate` DISABLE KEYS */;
INSERT INTO `main_incidentupdate` VALUES (1,'YES YES','','ADMIN001','2025-11-24 08:52:06.271930',0,12),(2,'FILE','files/incident_updates/tbs.jpg','ADMIN001','2025-11-24 08:52:25.828315',0,12),(3,'thdrgfs','files/incident_updates/incident_reports.xlsx','ADMIN001','2025-11-24 08:53:50.298472',0,12),(4,'closed case','','ADMIN001','2025-11-24 08:56:23.940852',0,12),(5,'test update','','ADMIN001','2025-11-24 09:02:15.577099',0,9),(6,'awewrdsfasdwdasdawd','','ADMIN001','2025-12-04 13:12:13.106465',0,8),(7,'this is it','','ADMIN001','2025-12-04 13:12:45.323990',0,8),(8,'this is ti','','00001','2025-12-04 13:14:38.151182',0,9),(9,'issue resolved','','ADMIN001','2025-12-04 14:39:21.619431',0,10),(10,'awyeiaushd','','ADMIN001','2025-12-04 15:20:18.772679',0,11);
/*!40000 ALTER TABLE `main_incidentupdate` ENABLE KEYS */;
UNLOCK TABLES;

--
-- Table structure for table `main_systemconfig`
--

DROP TABLE IF EXISTS `main_systemconfig`;
/*!40101 SET @saved_cs_client     = @@character_set_client */;
/*!50503 SET character_set_client = utf8mb4 */;
CREATE TABLE `main_systemconfig` (
  `id` bigint NOT NULL AUTO_INCREMENT,
  `config_key` varchar(100) NOT NULL,
  `config_value` longtext NOT NULL,
  `description` varchar(255) NOT NULL,
  `updated_at` datetime(6) NOT NULL,
  `updated_by_id` bigint DEFAULT NULL,
  PRIMARY KEY (`id`),
  UNIQUE KEY `config_key` (`config_key`),
  KEY `main_systemconfig_updated_by_id_e2e17498_fk_main_acco` (`updated_by_id`),
  CONSTRAINT `main_systemconfig_updated_by_id_e2e17498_fk_main_acco` FOREIGN KEY (`updated_by_id`) REFERENCES `main_accountregistration` (`id`)
) ENGINE=InnoDB AUTO_INCREMENT=2 DEFAULT CHARSET=utf8mb4 COLLATE=utf8mb4_0900_ai_ci;
/*!40101 SET character_set_client = @saved_cs_client */;

--
-- Dumping data for table `main_systemconfig`
--

LOCK TABLES `main_systemconfig` WRITE;
/*!40000 ALTER TABLE `main_systemconfig` DISABLE KEYS */;
INSERT INTO `main_systemconfig` VALUES (1,'admin_contact_number','09945349194','Admin contact number for SMS notifications','2025-12-11 04:25:12.888508',1);
/*!40000 ALTER TABLE `main_systemconfig` ENABLE KEYS */;
UNLOCK TABLES;

--
-- Table structure for table `main_unauthorizedfacedetection`
--

DROP TABLE IF EXISTS `main_unauthorizedfacedetection`;
/*!40101 SET @saved_cs_client     = @@character_set_client */;
/*!50503 SET character_set_client = utf8mb4 */;
CREATE TABLE `main_unauthorizedfacedetection` (
  `detection_id` char(32) NOT NULL,
  `image_path` varchar(500) NOT NULL,
  `camera_box_id` int NOT NULL,
  `detection_timestamp` datetime(6) NOT NULL,
  `notes` longtext,
  PRIMARY KEY (`detection_id`)
) ENGINE=InnoDB DEFAULT CHARSET=utf8mb4 COLLATE=utf8mb4_0900_ai_ci;
/*!40101 SET character_set_client = @saved_cs_client */;

--
-- Dumping data for table `main_unauthorizedfacedetection`
--

LOCK TABLES `main_unauthorizedfacedetection` WRITE;
/*!40000 ALTER TABLE `main_unauthorizedfacedetection` DISABLE KEYS */;
INSERT INTO `main_unauthorizedfacedetection` VALUES ('00d444a5bdf64716b6f5b575f9b99f06','unauthorized_faces\\2025-11-07\\camera0_18-15-24-290336.jpg',0,'2025-11-07 10:15:24.290336','Detected at 2025-11-07 18:15:24'),('01090b3481664cb8ab89e7d6d90d7840','unauthorized_faces\\2025-11-07\\camera0_18-18-52-367271.jpg',0,'2025-11-07 10:18:52.388218','Detected at 2025-11-07 18:18:52'),('012fd6897f694b9da3815b303ad4f463','unauthorized_faces\\2025-11-07\\camera0_18-08-25-133867.jpg',0,'2025-11-07 10:08:25.149959','Detected at 2025-11-07 18:08:25'),('0131934ae284494688d676a530425633','unauthorized_faces\\2025-11-07\\camera0_18-30-52-602442.jpg',0,'2025-11-07 10:30:52.602442','Detected at 2025-11-07 18:30:52'),('016b828fa36a469b82fb49892cd9e6a6','unauthorized_faces\\2025-11-07\\camera0_18-26-05-867133.jpg',0,'2025-11-07 10:26:05.867133','Detected at 2025-11-07 18:26:05'),('017e88e514c84816865c29e019488e05','unauthorized_faces\\2025-11-07\\camera0_15-08-10-376394.jpg',0,'2025-11-07 07:08:10.377396','Detected at 2025-11-07 15:08:10'),('01aecf7ab9794c2ab03080710ba1b649','unauthorized_faces\\2025-11-07\\camera0_18-01-30-724104.jpg',0,'2025-11-07 10:01:30.748727','Detected at 2025-11-07 18:01:30'),('0293cca4962747138091f9af9340adce','unauthorized_faces\\2025-11-07\\camera0_18-25-25-060332.jpg',0,'2025-11-07 10:25:25.060332','Detected at 2025-11-07 18:25:25'),('02ae03e731dc4f159798073702a2592f','unauthorized_faces\\2025-11-07\\camera0_18-27-41-256814.jpg',0,'2025-11-07 10:27:41.275056','Detected at 2025-11-07 18:27:41'),('0337aa0b22544eb5a01f6530d1ed6a29','unauthorized_faces\\2025-11-07\\camera0_18-28-00-078065.jpg',0,'2025-11-07 10:28:00.081351','Detected at 2025-11-07 18:28:00'),('0343114607194815a99669e0e3e98bee','unauthorized_faces\\2025-11-07\\camera0_18-31-06-927851.jpg',0,'2025-11-07 10:31:06.929856','Detected at 2025-11-07 18:31:06'),('036e446becbd4bd6880aedaf6a33b5d1','unauthorized_faces\\2025-11-07\\camera0_18-02-13-507192.jpg',0,'2025-11-07 10:02:13.532524','Detected at 2025-11-07 18:02:13'),('0447da0b754949d887250cf9165c5874','unauthorized_faces\\2025-11-07\\camera0_18-18-11-368261.jpg',0,'2025-11-07 10:18:11.368261','Detected at 2025-11-07 18:18:11'),('04d12f2aa50d4b028cb93f85a69cae7c','unauthorized_faces\\2025-11-07\\camera0_18-15-50-593742.jpg',0,'2025-11-07 10:15:50.597148','Detected at 2025-11-07 18:15:50'),('050ca0e0483041bb8dfcce23661be554','unauthorized_faces\\2025-11-07\\camera0_15-09-25-968923.jpg',0,'2025-11-07 07:09:25.975933','Detected at 2025-11-07 15:09:25'),('05b74b73ee4b49c097c2620cb67d5e15','unauthorized_faces\\2025-11-07\\camera0_18-28-35-675529.jpg',0,'2025-11-07 10:28:35.677677','Detected at 2025-11-07 18:28:35'),('05f5e73e3b264d70a26ffb28c3ce636a','unauthorized_faces\\2025-11-07\\camera0_17-54-14-872190.jpg',0,'2025-11-07 09:54:14.878379','Detected at 2025-11-07 17:54:14'),('06197b83d1df497ea2c1f2965f65811d','unauthorized_faces\\2025-11-07\\camera0_18-31-10-063519.jpg',0,'2025-11-07 10:31:10.066544','Detected at 2025-11-07 18:31:10'),('0667bb7db34f48b5badc8bd8a2642099','unauthorized_faces\\2025-11-07\\camera0_18-29-00-838268.jpg',0,'2025-11-07 10:29:00.852195','Detected at 2025-11-07 18:29:00'),('06bfb22831cf45beb2a2b9616f2261a9','unauthorized_faces\\2025-11-07\\camera0_18-17-00-517454.jpg',0,'2025-11-07 10:17:00.535558','Detected at 2025-11-07 18:17:00'),('073e107070004f9b8221865da114c770','unauthorized_faces\\2025-11-07\\camera0_18-03-04-935723.jpg',0,'2025-11-07 10:03:04.943872','Detected at 2025-11-07 18:03:04'),('076c5902797f4cf4bbff20e2b6534b6e','unauthorized_faces\\2025-11-07\\camera0_18-00-51-238632.jpg',0,'2025-11-07 10:00:51.263364','Detected at 2025-11-07 18:00:51'),('079062ed982c48c49ea7ec3071b6fda8','unauthorized_faces\\2025-11-07\\camera0_17-55-56-787321.jpg',0,'2025-11-07 09:55:56.790322','Detected at 2025-11-07 17:55:56'),('07fd42e7d49446e8a52025f8a575d7a6','unauthorized_faces\\2025-11-07\\camera0_18-17-23-999643.jpg',0,'2025-11-07 10:17:24.009830','Detected at 2025-11-07 18:17:24'),('08123f3f64834fa2a8cf47095a244113','unauthorized_faces\\2025-11-07\\camera0_18-03-28-456575.jpg',0,'2025-11-07 10:03:28.480623','Detected at 2025-11-07 18:03:28'),('08a7694739d6457f8f1c8bff1dc0407f','unauthorized_faces\\2025-11-07\\camera0_18-31-01-197020.jpg',0,'2025-11-07 10:31:01.198851','Detected at 2025-11-07 18:31:01'),('09a4d744acc44120a6b151b93a43f855','unauthorized_faces\\2025-11-07\\camera0_18-05-15-338386.jpg',0,'2025-11-07 10:05:15.359992','Detected at 2025-11-07 18:05:15'),('0a08b130946f45699c8c23e6c566ce67','unauthorized_faces\\2025-11-07\\camera0_18-19-52-734813.jpg',0,'2025-11-07 10:19:52.757774','Detected at 2025-11-07 18:19:52'),('0a67be0c349c4370be329211b58465b3','unauthorized_faces\\2025-11-07\\camera0_18-31-13-064554.jpg',0,'2025-11-07 10:31:13.073814','Detected at 2025-11-07 18:31:13'),('0ae9ba75d4664e6a8b5f18416ecd476d','unauthorized_faces\\2025-11-07\\camera0_15-06-58-218697.jpg',0,'2025-11-07 07:06:58.220495','Detected at 2025-11-07 15:06:58'),('0b029cf82a95440cbfd76f1ed7268ea0','unauthorized_faces\\2025-11-07\\camera0_18-01-40-306493.jpg',0,'2025-11-07 10:01:40.328321','Detected at 2025-11-07 18:01:40'),('0b0b0ed560694f679e4445a518e91de4','unauthorized_faces\\2025-11-07\\camera0_18-21-51-239758.jpg',0,'2025-11-07 10:21:51.244253','Detected at 2025-11-07 18:21:51'),('0b1a615a081f494297dba210b939b452','unauthorized_faces\\2025-11-07\\camera0_18-28-02-631688.jpg',0,'2025-11-07 10:28:02.644209','Detected at 2025-11-07 18:28:02'),('0b34560b931a4a24a59ea85998e9d601','unauthorized_faces\\2025-11-07\\camera0_18-14-54-242133.jpg',0,'2025-11-07 10:14:54.249704','Detected at 2025-11-07 18:14:54'),('0bcae09090d740f595faae9c2ddca20b','unauthorized_faces\\2025-11-07\\camera0_18-06-46-878928.jpg',0,'2025-11-07 10:06:46.883699','Detected at 2025-11-07 18:06:46'),('0c1e94d1379e4c719913f12f5a06de99','unauthorized_faces\\2025-11-07\\camera0_17-53-58-346523.jpg',0,'2025-11-07 09:53:58.354929','Detected at 2025-11-07 17:53:58'),('0c4f22b8077d4464bacf8b18516bc447','unauthorized_faces\\2025-11-07\\camera0_18-24-18-776353.jpg',0,'2025-11-07 10:24:18.791397','Detected at 2025-11-07 18:24:18'),('0cf1bf08052e4529b98f923e0e3e9eeb','unauthorized_faces\\2025-11-07\\camera0_18-09-57-493946.jpg',0,'2025-11-07 10:09:57.510096','Detected at 2025-11-07 18:09:57'),('0d1375955c544b7f92792149024db6b8','unauthorized_faces\\2025-11-07\\camera0_18-09-55-062870.jpg',0,'2025-11-07 10:09:55.086846','Detected at 2025-11-07 18:09:55'),('0d3e66d529394f4089642423392f517c','unauthorized_faces\\2025-11-07\\camera0_15-08-47-614879.jpg',0,'2025-11-07 07:08:47.621516','Detected at 2025-11-07 15:08:47'),('0e16cb91b41b4ef5b51245f4c64af2ea','unauthorized_faces\\2025-11-07\\camera0_18-13-05-302196.jpg',0,'2025-11-07 10:13:05.310534','Detected at 2025-11-07 18:13:05'),('0fc141c3419a45c38eb9e7ae7fdf8957','unauthorized_faces\\2025-11-07\\camera0_17-54-32-270681.jpg',0,'2025-11-07 09:54:32.279162','Detected at 2025-11-07 17:54:32'),('0fd3da0e4bf94c7eb970ad9692278abd','unauthorized_faces\\2025-11-07\\camera0_18-18-21-832816.jpg',0,'2025-11-07 10:18:21.840522','Detected at 2025-11-07 18:18:21'),('10acf365526e467a8f6cd5ad981dbe2e','unauthorized_faces\\2025-11-07\\camera0_18-27-52-056534.jpg',0,'2025-11-07 10:27:52.058544','Detected at 2025-11-07 18:27:52'),('10c76520501e432fa291102629b885bc','unauthorized_faces\\2025-11-24\\camera0_14-56-57-377084.jpg',0,'2025-11-24 06:56:57.381087','Detected at 2025-11-24 14:56:57'),('118ce6ae3723482bb1606a8e2057014e','unauthorized_faces\\2025-11-07\\camera0_18-01-42-348812.jpg',0,'2025-11-07 10:01:42.373453','Detected at 2025-11-07 18:01:42'),('11ead886d6e64f2baf0b506fd08009d4','unauthorized_faces\\2025-11-07\\camera0_15-08-38-407949.jpg',0,'2025-11-07 07:08:38.410267','Detected at 2025-11-07 15:08:38'),('12aaa559c34d48bf80cfa7ea1bd6a919','unauthorized_faces\\2025-11-07\\camera0_17-56-14-402427.jpg',0,'2025-11-07 09:56:14.404391','Detected at 2025-11-07 17:56:14'),('12ecdd708f5b413e8b48791d820ff5d0','unauthorized_faces\\2025-11-07\\camera0_17-55-12-549120.jpg',0,'2025-11-07 09:55:12.549120','Detected at 2025-11-07 17:55:12'),('12ee1c4d472c485fb27e9c04c3bc8b35','unauthorized_faces\\2025-11-24\\camera0_14-59-53-738997.jpg',0,'2025-11-24 06:59:53.745804','Detected at 2025-11-24 14:59:53'),('132c0302e3ff445fb0de6bf7a093f08b','unauthorized_faces\\2025-11-07\\camera0_18-18-03-498825.jpg',0,'2025-11-07 10:18:03.504469','Detected at 2025-11-07 18:18:03'),('136f46816dd14417829d6a87a61c6196','unauthorized_faces\\2025-11-07\\camera0_18-02-50-063316.jpg',0,'2025-11-07 10:02:50.088225','Detected at 2025-11-07 18:02:50'),('1447df3ce62945b3a7c9b8c57c0ed4a5','unauthorized_faces\\2025-11-07\\camera0_18-14-50-987056.jpg',0,'2025-11-07 10:14:51.006025','Detected at 2025-11-07 18:14:51'),('14d025ee12d846008dc06ae738e32a7f','unauthorized_faces\\2025-11-07\\camera0_15-07-56-844713.jpg',0,'2025-11-07 07:07:56.846694','Detected at 2025-11-07 15:07:56'),('1518a8eecd034278ab5470c55e0239be','unauthorized_faces\\2025-11-07\\camera0_18-04-14-443073.jpg',0,'2025-11-07 10:04:14.464434','Detected at 2025-11-07 18:04:14'),('154f032eddd4432b85dc1a3b43add4d8','unauthorized_faces\\2025-11-07\\camera0_18-24-30-239622.jpg',0,'2025-11-07 10:24:30.255322','Detected at 2025-11-07 18:24:30'),('155589ac281247cf9bcf6f1408582add','unauthorized_faces\\2025-11-07\\camera0_15-09-15-770184.jpg',0,'2025-11-07 07:09:15.777189','Detected at 2025-11-07 15:09:15'),('15c9b3fe22c94cc484de0689b2c7a179','unauthorized_faces\\2025-11-07\\camera0_18-01-07-282004.jpg',0,'2025-11-07 10:01:07.312488','Detected at 2025-11-07 18:01:07'),('15f0679c7771417aab254d6432814dc3','unauthorized_faces\\2025-11-07\\camera0_18-12-44-156728.jpg',0,'2025-11-07 10:12:44.165320','Detected at 2025-11-07 18:12:44'),('1605a8a5fa5d4c79a128ae655c0db6a9','unauthorized_faces\\2025-11-24\\camera0_14-47-44-106580.jpg',0,'2025-11-24 06:47:44.112601','Detected at 2025-11-24 14:47:44'),('168f4b48c93e47278df6604d2cea444e','unauthorized_faces\\2025-11-07\\camera0_18-03-33-505719.jpg',0,'2025-11-07 10:03:33.542255','Detected at 2025-11-07 18:03:33'),('16dc1d4bb868418499c2c9b2a8f825d3','unauthorized_faces\\2025-11-07\\camera0_15-07-23-882512.jpg',0,'2025-11-07 07:07:23.884512','Detected at 2025-11-07 15:07:23'),('170aa860fe274be2b38bd127b483bcc4','unauthorized_faces\\2025-11-07\\camera0_18-22-01-210386.jpg',0,'2025-11-07 10:22:01.228201','Detected at 2025-11-07 18:22:01'),('1736ad6cf22049ba9b9e904b1514d36e','unauthorized_faces\\2025-11-07\\camera0_18-11-09-171810.jpg',0,'2025-11-07 10:11:09.171810','Detected at 2025-11-07 18:11:09'),('17cb9870484e4cea90927d22cf17a538','unauthorized_faces\\2025-11-07\\camera0_15-08-18-154584.jpg',0,'2025-11-07 07:08:18.157581','Detected at 2025-11-07 15:08:18'),('17f832cc82c64ee6b2cf36e066f32ab4','unauthorized_faces\\2025-11-07\\camera0_15-06-38-508540.jpg',0,'2025-11-07 07:06:38.512010','Detected at 2025-11-07 15:06:38'),('18700e099df1490ab1521de4eccc5db0','unauthorized_faces\\2025-11-07\\camera0_18-05-55-800849.jpg',0,'2025-11-07 10:05:55.808022','Detected at 2025-11-07 18:05:55'),('195cbedce6574053bcab0f8c0b06d4c0','unauthorized_faces\\2025-11-07\\camera0_15-08-07-533152.jpg',0,'2025-11-07 07:08:07.535150','Detected at 2025-11-07 15:08:07'),('19b9fdccf7d9469fb96ee54b9cfd53e7','unauthorized_faces\\2025-11-07\\camera0_18-27-54-710290.jpg',0,'2025-11-07 10:27:54.710290','Detected at 2025-11-07 18:27:54'),('19e5847984ef4458b6e48b49b186e1f4','unauthorized_faces\\2025-11-07\\camera0_18-07-36-458710.jpg',0,'2025-11-07 10:07:36.466951','Detected at 2025-11-07 18:07:36'),('19fbe5810c954d1dbd103edf03cabd4a','unauthorized_faces\\2025-11-07\\camera0_18-24-57-664984.jpg',0,'2025-11-07 10:24:57.680895','Detected at 2025-11-07 18:24:57'),('1a2c00724aa6479a9de071eb7783c517','unauthorized_faces\\2025-11-07\\camera0_18-17-55-310700.jpg',0,'2025-11-07 10:17:55.310700','Detected at 2025-11-07 18:17:55'),('1b83c5dcd2b14d468cd71ea6d0d2a950','unauthorized_faces\\2025-11-07\\camera0_18-27-14-997194.jpg',0,'2025-11-07 10:27:14.997194','Detected at 2025-11-07 18:27:14'),('1bdd2967d93c481aa95104b90b1b6f57','unauthorized_faces\\2025-11-07\\camera0_18-04-01-704380.jpg',0,'2025-11-07 10:04:01.728244','Detected at 2025-11-07 18:04:01'),('1c3140d503894e23b35d38382bdebdfe','unauthorized_faces\\2025-11-07\\camera0_18-30-58-594229.jpg',0,'2025-11-07 10:30:58.596217','Detected at 2025-11-07 18:30:58'),('1c459c009707485ca8b1f324d89a7142','unauthorized_faces\\2025-11-07\\camera0_15-07-40-107168.jpg',0,'2025-11-07 07:07:40.113847','Detected at 2025-11-07 15:07:40'),('1c7b7b4d801f4cf98926e11625f35ab9','unauthorized_faces\\2025-11-07\\camera0_18-27-12-070585.jpg',0,'2025-11-07 10:27:12.082020','Detected at 2025-11-07 18:27:12'),('1cbdac9a53dc40afb7884c0afceb06ea','unauthorized_faces\\2025-11-07\\camera0_18-06-36-849542.jpg',0,'2025-11-07 10:06:36.865743','Detected at 2025-11-07 18:06:36'),('1d214ac45389483c86a99147353e2469','unauthorized_faces\\2025-11-07\\camera0_18-30-00-293410.jpg',0,'2025-11-07 10:30:00.293410','Detected at 2025-11-07 18:30:00'),('1e86cb2fff334a0e89951aa4e6c058f4','unauthorized_faces\\2025-11-24\\camera0_14-47-49-108224.jpg',0,'2025-11-24 06:47:49.108224','Detected at 2025-11-24 14:47:49'),('1e957393cdfa481ea39ca5705abf4905','unauthorized_faces\\2025-11-07\\camera0_17-54-48-316684.jpg',0,'2025-11-07 09:54:48.319198','Detected at 2025-11-07 17:54:48'),('1f45248acc964ab1bc9c581517609c57','unauthorized_faces\\2025-11-07\\camera0_18-23-19-761515.jpg',0,'2025-11-07 10:23:19.764663','Detected at 2025-11-07 18:23:19'),('1f75a2c4739546488b4aca16836949b2','unauthorized_faces\\2025-11-07\\camera0_18-24-51-708712.jpg',0,'2025-11-07 10:24:51.724527','Detected at 2025-11-07 18:24:51'),('1fb62a006dac4207a4b41fe756486154','unauthorized_faces\\2025-11-07\\camera0_18-20-04-638500.jpg',0,'2025-11-07 10:20:04.638500','Detected at 2025-11-07 18:20:04'),('1fce54064b8a4501a7c920c8d499b90b','unauthorized_faces\\2025-11-07\\camera0_18-26-38-687708.jpg',0,'2025-11-07 10:26:38.690708','Detected at 2025-11-07 18:26:38'),('1fce924b51374f16835a1dc966232c49','unauthorized_faces\\2025-11-07\\camera0_18-26-17-580984.jpg',0,'2025-11-07 10:26:17.594047','Detected at 2025-11-07 18:26:17'),('2131fba4863e41ae80167d46b8ca1633','unauthorized_faces\\2025-11-07\\camera0_18-26-33-775452.jpg',0,'2025-11-07 10:26:33.791233','Detected at 2025-11-07 18:26:33'),('216368e740014faeac0812c3b07c1d3c','unauthorized_faces\\2025-11-07\\camera0_17-54-09-925227.jpg',0,'2025-11-07 09:54:09.935224','Detected at 2025-11-07 17:54:09'),('2191c1be2c5b42aebbe3f2b49e3ce965','unauthorized_faces\\2025-11-07\\camera0_18-23-57-971995.jpg',0,'2025-11-07 10:23:57.971995','Detected at 2025-11-07 18:23:57'),('22905bf1dd11422f8853b011715dc8a8','unauthorized_faces\\2025-11-07\\camera0_17-55-17-264700.jpg',0,'2025-11-07 09:55:17.265701','Detected at 2025-11-07 17:55:17'),('22aa896951b2443c8e3681c7c3f6f9db','unauthorized_faces\\2025-11-07\\camera0_18-21-58-439248.jpg',0,'2025-11-07 10:21:58.439248','Detected at 2025-11-07 18:21:58'),('22c530c6c4d14d47941c461602ab2013','unauthorized_faces\\2025-11-07\\camera0_18-15-15-627883.jpg',0,'2025-11-07 10:15:15.627883','Detected at 2025-11-07 18:15:15'),('234b93e802d548feb1d42ad73ee37160','unauthorized_faces\\2025-11-07\\camera0_18-18-36-755729.jpg',0,'2025-11-07 10:18:36.769653','Detected at 2025-11-07 18:18:36'),('23751e3424884fd196976255cc51bcad','unauthorized_faces\\2025-11-07\\camera0_17-54-51-188064.jpg',0,'2025-11-07 09:54:51.190177','Detected at 2025-11-07 17:54:51'),('242044d370d84053947e473924e27340','unauthorized_faces\\2025-11-07\\camera0_18-26-11-924799.jpg',0,'2025-11-07 10:26:11.929769','Detected at 2025-11-07 18:26:11'),('248936db08c24f179b7c8a79241c4dd2','unauthorized_faces\\2025-11-07\\camera0_17-54-19-767163.jpg',0,'2025-11-07 09:54:19.775381','Detected at 2025-11-07 17:54:19'),('24bdcd15ec5b4489b1c27819ed9a5d8c','unauthorized_faces\\2025-11-07\\camera0_18-06-41-712242.jpg',0,'2025-11-07 10:06:41.712242','Detected at 2025-11-07 18:06:41'),('24c1836f9e284b3d86f0b25518146eab','unauthorized_faces\\2025-11-07\\camera0_18-06-08-756884.jpg',0,'2025-11-07 10:06:08.765673','Detected at 2025-11-07 18:06:08'),('24e1a7b352714cc2b02c67de4a30cb60','unauthorized_faces\\2025-11-07\\camera0_18-00-54-659826.jpg',0,'2025-11-07 10:00:54.678526','Detected at 2025-11-07 18:00:54'),('25036e2d9101432e92b542d7070254b7','unauthorized_faces\\2025-11-07\\camera0_15-08-59-185833.jpg',0,'2025-11-07 07:08:59.186830','Detected at 2025-11-07 15:08:59'),('25ad0f4937d046ad8ef25e772f61e9e1','unauthorized_faces\\2025-11-07\\camera0_18-24-38-812520.jpg',0,'2025-11-07 10:24:38.816259','Detected at 2025-11-07 18:24:38'),('26498db936ce43318b4839d7e520f5fc','unauthorized_faces\\2025-11-07\\camera0_18-11-17-417646.jpg',0,'2025-11-07 10:11:17.438488','Detected at 2025-11-07 18:11:17'),('2671da18ad384076b46a386d908cda1a','unauthorized_faces\\2025-11-07\\camera0_15-08-34-115540.jpg',0,'2025-11-07 07:08:34.123037','Detected at 2025-11-07 15:08:34'),('27c9eeb81dc84382b6d1f0fa8abf3d76','unauthorized_faces\\2025-11-07\\camera0_18-13-00-971181.jpg',0,'2025-11-07 10:13:00.992265','Detected at 2025-11-07 18:13:00'),('287a6259a1694ff7b376d9c20d5a0a30','unauthorized_faces\\2025-11-07\\camera0_18-15-19-189246.jpg',0,'2025-11-07 10:15:19.198537','Detected at 2025-11-07 18:15:19'),('2892dcc689de4e4ba4d5c7eeb16713bf','unauthorized_faces\\2025-11-07\\camera0_18-18-55-263303.jpg',0,'2025-11-07 10:18:55.279296','Detected at 2025-11-07 18:18:55'),('28eb217a873e42c29111cf0d79174656','unauthorized_faces\\2025-11-07\\camera0_18-23-13-360409.jpg',0,'2025-11-07 10:23:13.366647','Detected at 2025-11-07 18:23:13'),('29a32cb5992448ae810f3830c3aa1003','unauthorized_faces\\2025-11-07\\camera0_18-26-36-656780.jpg',0,'2025-11-07 10:26:36.662901','Detected at 2025-11-07 18:26:36'),('2a1f048f7330419fb4d0588a17a139a2','unauthorized_faces\\2025-11-07\\camera0_18-14-33-773007.jpg',0,'2025-11-07 10:14:33.779236','Detected at 2025-11-07 18:14:33'),('2a5ff472585c4115bfa35f23960db684','unauthorized_faces\\2025-11-07\\camera0_18-11-01-028515.jpg',0,'2025-11-07 10:11:01.031359','Detected at 2025-11-07 18:11:01'),('2afda1a1d2a74fce9858726837aa20f4','unauthorized_faces\\2025-11-07\\camera0_18-16-54-527710.jpg',0,'2025-11-07 10:16:54.556892','Detected at 2025-11-07 18:16:54'),('2b0d53c1dead40edb5842892038eef4e','unauthorized_faces\\2025-11-07\\camera0_18-13-58-561421.jpg',0,'2025-11-07 10:13:58.576389','Detected at 2025-11-07 18:13:58'),('2b3adf5ddfc44bc18f564cc94ae596a9','unauthorized_faces\\2025-11-07\\camera0_18-01-02-764645.jpg',0,'2025-11-07 10:01:02.782463','Detected at 2025-11-07 18:01:02'),('2b912ddf86dd413880612757cf5d9351','unauthorized_faces\\2025-11-07\\camera0_18-20-16-125298.jpg',0,'2025-11-07 10:20:16.133529','Detected at 2025-11-07 18:20:16'),('2c0856eb56d843aa8936e3ffb6f1c60f','unauthorized_faces\\2025-11-07\\camera0_18-07-57-859248.jpg',0,'2025-11-07 10:07:57.879753','Detected at 2025-11-07 18:07:57'),('2c1ed345c5c44ef5a956287bd76bb50b','unauthorized_faces\\2025-11-07\\camera0_18-27-27-032719.jpg',0,'2025-11-07 10:27:27.034726','Detected at 2025-11-07 18:27:27'),('2c59be390437420a833fd7bfaa48500f','unauthorized_faces\\2025-11-07\\camera0_18-26-02-808855.jpg',0,'2025-11-07 10:26:02.840472','Detected at 2025-11-07 18:26:02'),('2c8e079bdc6240eb8d44bddd08aef2b0','unauthorized_faces\\2025-11-07\\camera0_18-25-30-459570.jpg',0,'2025-11-07 10:25:30.459570','Detected at 2025-11-07 18:25:30'),('2cf31cda8c374460a6f12be951323e2b','unauthorized_faces\\2025-11-07\\camera0_18-17-38-284710.jpg',0,'2025-11-07 10:17:38.284710','Detected at 2025-11-07 18:17:38'),('2d10e82559d04c0abc038c179f1b42cf','unauthorized_faces\\2025-11-07\\camera0_18-23-06-631283.jpg',0,'2025-11-07 10:23:06.647251','Detected at 2025-11-07 18:23:06'),('2decac41f99d4cf2be08baf2d4bf9492','unauthorized_faces\\2025-11-07\\camera0_18-05-25-515339.jpg',0,'2025-11-07 10:05:25.523605','Detected at 2025-11-07 18:05:25'),('2e095d9b241b4d56ba4d0e8befd35565','unauthorized_faces\\2025-11-07\\camera0_18-06-17-064094.jpg',0,'2025-11-07 10:06:17.064094','Detected at 2025-11-07 18:06:17'),('2e506aeda1a44128b11704d473e9ab31','unauthorized_faces\\2025-11-07\\camera0_18-23-33-222533.jpg',0,'2025-11-07 10:23:33.226533','Detected at 2025-11-07 18:23:33'),('2ebee9adc4b14dd0b132bbf512192b29','unauthorized_faces\\2025-11-07\\camera0_18-03-00-084608.jpg',0,'2025-11-07 10:03:00.107099','Detected at 2025-11-07 18:03:00'),('2ecc18b001804690aa099ab17b5471db','unauthorized_faces\\2025-11-07\\camera0_18-05-10-350519.jpg',0,'2025-11-07 10:05:10.366425','Detected at 2025-11-07 18:05:10'),('2f418d025ce1416a8ac47113b95d763a','unauthorized_faces\\2025-11-07\\camera0_18-18-19-308145.jpg',0,'2025-11-07 10:18:19.315974','Detected at 2025-11-07 18:18:19'),('2f6abac312064a109c095ef0aa0dfc63','unauthorized_faces\\2025-11-07\\camera0_18-30-36-736243.jpg',0,'2025-11-07 10:30:36.739152','Detected at 2025-11-07 18:30:36'),('302a23ba74df4460947b6a8b18ea441a','unauthorized_faces\\2025-11-07\\camera0_18-13-28-442619.jpg',0,'2025-11-07 10:13:28.448766','Detected at 2025-11-07 18:13:28'),('30ef021727c647c1925d9b5d3bf9c08d','unauthorized_faces\\2025-11-07\\camera0_17-54-00-684296.jpg',0,'2025-11-07 09:54:00.688810','Detected at 2025-11-07 17:54:00'),('317d213a1c644cab9dfa41934ba404fd','unauthorized_faces\\2025-11-07\\camera0_18-11-22-734280.jpg',0,'2025-11-07 10:11:22.749597','Detected at 2025-11-07 18:11:22'),('31aadac993474da79001c7765fc2beb9','unauthorized_faces\\2025-11-07\\camera0_17-56-32-717030.jpg',0,'2025-11-07 09:56:32.719031','Detected at 2025-11-07 17:56:32'),('3228cf949cbe4118b0adf77e55ff7632','unauthorized_faces\\2025-11-07\\camera0_18-01-21-685415.jpg',0,'2025-11-07 10:01:21.710924','Detected at 2025-11-07 18:01:21'),('325a3a3c9d204572883f635285367b5c','unauthorized_faces\\2025-11-07\\camera0_18-13-10-044551.jpg',0,'2025-11-07 10:13:10.068280','Detected at 2025-11-07 18:13:10'),('3264873d81264e19af904c4c67f862c6','unauthorized_faces\\2025-11-07\\camera0_18-04-38-190378.jpg',0,'2025-11-07 10:04:38.198248','Detected at 2025-11-07 18:04:38'),('328e356c374f4d58bfa791d436aa352f','unauthorized_faces\\2025-11-07\\camera0_18-07-33-913986.jpg',0,'2025-11-07 10:07:33.913986','Detected at 2025-11-07 18:07:33'),('33556a2062b8458abc0ea5919aee07c5','unauthorized_faces\\2025-11-07\\camera0_18-30-46-209442.jpg',0,'2025-11-07 10:30:46.217522','Detected at 2025-11-07 18:30:46'),('342540cbda324be197ddd49bd307ec07','unauthorized_faces\\2025-11-07\\camera0_17-54-07-636727.jpg',0,'2025-11-07 09:54:07.644734','Detected at 2025-11-07 17:54:07'),('3436fbd57b6541eeb7f473754c7f8d1e','unauthorized_faces\\2025-11-07\\camera0_18-10-33-672652.jpg',0,'2025-11-07 10:10:33.681321','Detected at 2025-11-07 18:10:33'),('34a5eab01ac9460584fcb6c4d67be114','unauthorized_faces\\2025-11-07\\camera0_18-18-57-778594.jpg',0,'2025-11-07 10:18:57.786149','Detected at 2025-11-07 18:18:57'),('3537837d9325484c86de601f49aa29e3','unauthorized_faces\\2025-11-07\\camera0_18-03-53-276232.jpg',0,'2025-11-07 10:03:53.296010','Detected at 2025-11-07 18:03:53'),('361f87e587dd4cf49b56cef1b411e01f','unauthorized_faces\\2025-11-07\\camera0_18-02-57-651635.jpg',0,'2025-11-07 10:02:57.663094','Detected at 2025-11-07 18:02:57'),('36326dae8781438b942054f1b7363994','unauthorized_faces\\2025-11-07\\camera0_18-15-52-863843.jpg',0,'2025-11-07 10:15:52.873604','Detected at 2025-11-07 18:15:52'),('365b66edc8224d18b0bcd4d58db8ff77','unauthorized_faces\\2025-11-07\\camera0_18-19-58-945536.jpg',0,'2025-11-07 10:19:58.977768','Detected at 2025-11-07 18:19:58'),('3705a1039741476d910ea8028f4321b3','unauthorized_faces\\2025-11-07\\camera0_18-02-30-432046.jpg',0,'2025-11-07 10:02:30.449673','Detected at 2025-11-07 18:02:30'),('3712ca82aed6488d9c7b968a727f8938','unauthorized_faces\\2025-11-07\\camera0_17-56-16-934691.jpg',0,'2025-11-07 09:56:16.940694','Detected at 2025-11-07 17:56:16'),('37746dbbbb5c48668f7a737c04623471','unauthorized_faces\\2025-11-07\\camera0_18-28-58-019764.jpg',0,'2025-11-07 10:28:58.021763','Detected at 2025-11-07 18:28:58'),('3802ee18a8074be2a7aecd9e7c47b0b7','unauthorized_faces\\2025-11-07\\camera0_18-14-59-410058.jpg',0,'2025-11-07 10:14:59.415205','Detected at 2025-11-07 18:14:59'),('38de7fc9f93a43f68ec89e37e3f90570','unauthorized_faces\\2025-11-07\\camera0_18-22-28-664188.jpg',0,'2025-11-07 10:22:28.668117','Detected at 2025-11-07 18:22:28'),('3a092001cf2c41c9bc634ff58eac0496','unauthorized_faces\\2025-11-07\\camera0_18-18-14-222150.jpg',0,'2025-11-07 10:18:14.230176','Detected at 2025-11-07 18:18:14'),('3a17830407b140898de2a7a2226f4c56','unauthorized_faces\\2025-11-07\\camera0_18-06-20-585271.jpg',0,'2025-11-07 10:06:20.594636','Detected at 2025-11-07 18:06:20'),('3a78b927f4884213b4128b49bafe401a','unauthorized_faces\\2025-11-07\\camera0_18-15-11-035745.jpg',0,'2025-11-07 10:15:11.040107','Detected at 2025-11-07 18:15:11'),('3abee18c0bdc421e97d6ef9d3a7ad768','unauthorized_faces\\2025-11-24\\camera0_14-58-08-075889.jpg',0,'2025-11-24 06:58:08.081114','Detected at 2025-11-24 14:58:08'),('3b0a70ecc4254f4dab84c1a37af62857','unauthorized_faces\\2025-11-07\\camera0_18-09-06-575562.jpg',0,'2025-11-07 10:09:06.582884','Detected at 2025-11-07 18:09:06'),('3b456ad4d2584480a65334d1415823c8','unauthorized_faces\\2025-11-07\\camera0_17-55-29-236555.jpg',0,'2025-11-07 09:55:29.237553','Detected at 2025-11-07 17:55:29'),('3b549ddbe35a4a9fa186bbb29b4cca2e','unauthorized_faces\\2025-11-07\\camera0_18-10-36-787936.jpg',0,'2025-11-07 10:10:36.796523','Detected at 2025-11-07 18:10:36'),('3b7f0267019543a89979f51ecf200590','unauthorized_faces\\2025-11-07\\camera0_18-20-10-592347.jpg',0,'2025-11-07 10:20:10.608532','Detected at 2025-11-07 18:20:10'),('3b8c6a35303541bf80123e8a95495cff','unauthorized_faces\\2025-11-07\\camera0_18-03-08-093856.jpg',0,'2025-11-07 10:03:08.101064','Detected at 2025-11-07 18:03:08'),('3b9c1c7d9ff14e99a78acc03b4bc8a44','unauthorized_faces\\2025-11-07\\camera0_17-55-45-626330.jpg',0,'2025-11-07 09:55:45.633327','Detected at 2025-11-07 17:55:45'),('3c13207ac66849449bb294e7fd4cd8b8','unauthorized_faces\\2025-11-07\\camera0_18-23-46-159516.jpg',0,'2025-11-07 10:23:46.159516','Detected at 2025-11-07 18:23:46'),('3c6580c712834da38eac3236ca32b0a7','unauthorized_faces\\2025-11-07\\camera0_18-01-54-937613.jpg',0,'2025-11-07 10:01:54.959945','Detected at 2025-11-07 18:01:54'),('3d788aa0714948c2846cd4f3a18a4e39','unauthorized_faces\\2025-11-07\\camera0_18-22-22-164878.jpg',0,'2025-11-07 10:22:22.173956','Detected at 2025-11-07 18:22:22'),('3e1379e06554448684985437d9d2b860','unauthorized_faces\\2025-11-07\\camera0_18-07-39-556465.jpg',0,'2025-11-07 10:07:39.565756','Detected at 2025-11-07 18:07:39'),('3e25795195d743019e62f83759b45358','unauthorized_faces\\2025-11-07\\camera0_18-27-03-503928.jpg',0,'2025-11-07 10:27:03.506637','Detected at 2025-11-07 18:27:03'),('3f259140914a462296ba17f9c442f00d','unauthorized_faces\\2025-11-07\\camera0_18-29-17-441268.jpg',0,'2025-11-07 10:29:17.456030','Detected at 2025-11-07 18:29:17'),('3f89dc2144d9462180177ce2f03eb14a','unauthorized_faces\\2025-11-07\\camera0_18-16-43-820797.jpg',0,'2025-11-07 10:16:43.845002','Detected at 2025-11-07 18:16:43'),('3fb2f352d7e44ec781df46f9b37ea9de','unauthorized_faces\\2025-11-07\\camera0_18-25-48-519325.jpg',0,'2025-11-07 10:25:48.535223','Detected at 2025-11-07 18:25:48'),('402164704ec741248702538cc189b21a','unauthorized_faces\\2025-11-07\\camera0_18-20-59-648258.jpg',0,'2025-11-07 10:20:59.671830','Detected at 2025-11-07 18:20:59'),('40547f4a36754fcf81a5d4d62defac7c','unauthorized_faces\\2025-11-07\\camera0_18-25-27-696756.jpg',0,'2025-11-07 10:25:27.712929','Detected at 2025-11-07 18:25:27'),('408906ff51aa4d7e8a60edc15d9c9618','unauthorized_faces\\2025-11-07\\camera0_18-07-49-625275.jpg',0,'2025-11-07 10:07:49.653161','Detected at 2025-11-07 18:07:49'),('40a379b0dc1b4eec95de0f5e452ab2c3','unauthorized_faces\\2025-11-07\\camera0_18-13-25-245464.jpg',0,'2025-11-07 10:13:25.272022','Detected at 2025-11-07 18:13:25'),('414c02560dcc4354a58529e8830faa5a','unauthorized_faces\\2025-11-07\\camera0_18-27-46-823494.jpg',0,'2025-11-07 10:27:46.823494','Detected at 2025-11-07 18:27:46'),('419f472814a440d58af3e43895f24360','unauthorized_faces\\2025-11-07\\camera0_18-14-45-647965.jpg',0,'2025-11-07 10:14:45.655342','Detected at 2025-11-07 18:14:45'),('419fb3cafd224bccb4a79e75203c1c11','unauthorized_faces\\2025-11-07\\camera0_18-19-00-396482.jpg',0,'2025-11-07 10:19:00.396482','Detected at 2025-11-07 18:19:00'),('4241fbb12fee4254a1f009fe0c05d541','unauthorized_faces\\2025-11-07\\camera0_18-18-50-208526.jpg',0,'2025-11-07 10:18:50.222343','Detected at 2025-11-07 18:18:50'),('429347f2f8464197a1f4765146c5ab93','unauthorized_faces\\2025-11-07\\camera0_18-19-09-971911.jpg',0,'2025-11-07 10:19:09.979510','Detected at 2025-11-07 18:19:09'),('4349a38d587e4775ba7752280f3a2697','unauthorized_faces\\2025-11-07\\camera0_18-16-10-698351.jpg',0,'2025-11-07 10:16:10.713376','Detected at 2025-11-07 18:16:10'),('4388a685d48b4c54bc3ad7fb61bcf661','unauthorized_faces\\2025-11-07\\camera0_18-02-18-348488.jpg',0,'2025-11-07 10:02:18.377807','Detected at 2025-11-07 18:02:18'),('440e7aec8ca7412fb66280302d186a2b','unauthorized_faces\\2025-11-07\\camera0_18-28-44-142860.jpg',0,'2025-11-07 10:28:44.149041','Detected at 2025-11-07 18:28:44'),('44aa197a9af44585800c019f6b838ad1','unauthorized_faces\\2025-11-07\\camera0_18-27-49-458088.jpg',0,'2025-11-07 10:27:49.460089','Detected at 2025-11-07 18:27:49'),('459e1527a3894a9db43102611019ff07','unauthorized_faces\\2025-11-07\\camera0_18-07-26-108210.jpg',0,'2025-11-07 10:07:26.108210','Detected at 2025-11-07 18:07:26'),('467fb99bafa844a48d455701f768ac36','unauthorized_faces\\2025-11-24\\camera0_14-59-51-562875.jpg',0,'2025-11-24 06:59:51.569387','Detected at 2025-11-24 14:59:51'),('4852dc319f2d45d6b21f9981f1b72c4e','unauthorized_faces\\2025-11-07\\camera0_18-06-55-659978.jpg',0,'2025-11-07 10:06:55.680395','Detected at 2025-11-07 18:06:55'),('486dcf1d093440a68fa322c0abe96f8b','unauthorized_faces\\2025-11-07\\camera0_18-03-57-836010.jpg',0,'2025-11-07 10:03:57.852458','Detected at 2025-11-07 18:03:57'),('495ef39920574aa7b702299e994a8370','unauthorized_faces\\2025-11-07\\camera0_18-13-33-457174.jpg',0,'2025-11-07 10:13:33.457174','Detected at 2025-11-07 18:13:33'),('498c8b7cb69a4eb080e82b8bbd46d447','unauthorized_faces\\2025-11-07\\camera0_18-12-57-126028.jpg',0,'2025-11-07 10:12:57.128158','Detected at 2025-11-07 18:12:57'),('49ff6f50cc6d4fdcb0c54d1b200a3338','unauthorized_faces\\2025-11-07\\camera0_18-29-54-625131.jpg',0,'2025-11-07 10:29:54.628154','Detected at 2025-11-07 18:29:54'),('4a2966c12af84b5f93f48171531fffe7','unauthorized_faces\\2025-11-07\\camera0_18-08-29-757124.jpg',0,'2025-11-07 10:08:29.772913','Detected at 2025-11-07 18:08:29'),('4a5d6cfb803744699af89aa385e67e5a','unauthorized_faces\\2025-11-07\\camera0_18-04-42-706493.jpg',0,'2025-11-07 10:04:42.731099','Detected at 2025-11-07 18:04:42'),('4a602fb8d2194931bcf59eb76b5e9ec6','unauthorized_faces\\2025-11-07\\camera0_17-54-58-744923.jpg',0,'2025-11-07 09:54:58.751925','Detected at 2025-11-07 17:54:58'),('4a61a3e41781462ea8424fa826ebca4a','unauthorized_faces\\2025-11-07\\camera0_18-28-27-156751.jpg',0,'2025-11-07 10:28:27.158784','Detected at 2025-11-07 18:28:27'),('4aa9bca6169c46f4b26a07dbb67c74ab','unauthorized_faces\\2025-11-07\\camera0_18-17-35-907922.jpg',0,'2025-11-07 10:17:35.924144','Detected at 2025-11-07 18:17:35'),('4ad5587a6adb4813976c51350eeea887','unauthorized_faces\\2025-11-07\\camera0_18-02-01-549349.jpg',0,'2025-11-07 10:02:01.576877','Detected at 2025-11-07 18:02:01'),('4b0576f75c0d43cc8768318b1fd81e9b','unauthorized_faces\\2025-11-07\\camera0_18-03-18-553168.jpg',0,'2025-11-07 10:03:18.582393','Detected at 2025-11-07 18:03:18'),('4b0ec5124e6c4221bcb39faff4e0df49','unauthorized_faces\\2025-11-07\\camera0_18-29-39-897638.jpg',0,'2025-11-07 10:29:39.908397','Detected at 2025-11-07 18:29:39'),('4b199dc8b99d4c33a413746eb381476b','unauthorized_faces\\2025-11-07\\camera0_18-29-03-754032.jpg',0,'2025-11-07 10:29:03.776524','Detected at 2025-11-07 18:29:03'),('4b25620f8a29447d9c4c5f8cd04522e3','unauthorized_faces\\2025-11-07\\camera0_18-17-46-743278.jpg',0,'2025-11-07 10:17:46.751480','Detected at 2025-11-07 18:17:46'),('4c2dbd6e2d9f40cfaabb7591ff790ffb','unauthorized_faces\\2025-11-07\\camera0_18-26-57-580077.jpg',0,'2025-11-07 10:26:57.580077','Detected at 2025-11-07 18:26:57'),('4d73a9b94a09488d9965a0d1cd06f947','unauthorized_faces\\2025-11-07\\camera0_18-25-13-555904.jpg',0,'2025-11-07 10:25:13.555904','Detected at 2025-11-07 18:25:13'),('4d7b3ff428444ef48d50065dee3c549c','unauthorized_faces\\2025-11-07\\camera0_18-12-51-878321.jpg',0,'2025-11-07 10:12:51.910888','Detected at 2025-11-07 18:12:51'),('4d8f37be3add47feacdb4d37d05124f0','unauthorized_faces\\2025-11-07\\camera0_18-08-03-463988.jpg',0,'2025-11-07 10:08:03.466972','Detected at 2025-11-07 18:08:03'),('4dc4ee1a81bb498ca6e56e593b460513','unauthorized_faces\\2025-11-07\\camera0_18-08-56-657832.jpg',0,'2025-11-07 10:08:56.674079','Detected at 2025-11-07 18:08:56'),('4ec0b2f5cecd4d3b99d74ad5881e9e5f','unauthorized_faces\\2025-11-07\\camera0_18-13-50-407900.jpg',0,'2025-11-07 10:13:50.407900','Detected at 2025-11-07 18:13:50'),('4f95ae02583d4641b6f67c5df37c154c','unauthorized_faces\\2025-11-07\\camera0_18-11-12-515313.jpg',0,'2025-11-07 10:11:12.515313','Detected at 2025-11-07 18:11:12'),('4fc0b6dafa234bcfa34cb6c92cac4905','unauthorized_faces\\2025-11-07\\camera0_18-08-00-120952.jpg',0,'2025-11-07 10:08:00.125265','Detected at 2025-11-07 18:08:00'),('4fe7544dd14e4c4a9edeaf7d1ac450fa','unauthorized_faces\\2025-11-07\\camera0_18-02-06-324081.jpg',0,'2025-11-07 10:02:06.352398','Detected at 2025-11-07 18:02:06'),('505d7f42d14448f7b80cf1b8d5545dae','unauthorized_faces\\2025-11-07\\camera0_18-27-18-103776.jpg',0,'2025-11-07 10:27:18.103776','Detected at 2025-11-07 18:27:18'),('50688564d676485dba251c8b42b26c7a','unauthorized_faces\\2025-11-07\\camera0_18-14-04-499777.jpg',0,'2025-11-07 10:14:04.507837','Detected at 2025-11-07 18:14:04'),('508b8e7ce44d41be83daca2894d2bb0f','unauthorized_faces\\2025-11-07\\camera0_17-55-52-140152.jpg',0,'2025-11-07 09:55:52.142581','Detected at 2025-11-07 17:55:52'),('50b4965823594c789ba6a819f2c01d7d','unauthorized_faces\\2025-11-07\\camera0_18-01-57-143525.jpg',0,'2025-11-07 10:01:57.167402','Detected at 2025-11-07 18:01:57'),('5218e3bf5ade484faa12f7edcd9c8c63','unauthorized_faces\\2025-11-07\\camera0_18-17-07-139032.jpg',0,'2025-11-07 10:17:07.139032','Detected at 2025-11-07 18:17:07'),('522ebdbfd090421cbbcae8f5bd6099db','unauthorized_faces\\2025-11-07\\camera0_18-19-24-736866.jpg',0,'2025-11-07 10:19:24.745216','Detected at 2025-11-07 18:19:24'),('52420d4946aa4345aa66e06211cb2814','unauthorized_faces\\2025-11-07\\camera0_18-08-14-068895.jpg',0,'2025-11-07 10:08:14.078576','Detected at 2025-11-07 18:08:14'),('53cbcf9f550e424d94884de8146263bd','unauthorized_faces\\2025-11-07\\camera0_18-02-33-315802.jpg',0,'2025-11-07 10:02:33.340800','Detected at 2025-11-07 18:02:33'),('54cdd87e19a540c38c374e48e6e8aa1e','unauthorized_faces\\2025-11-07\\camera0_18-21-54-968201.jpg',0,'2025-11-07 10:21:54.988406','Detected at 2025-11-07 18:21:54'),('56bb5f6ccca64bb0ab9bf13d793eb9d1','unauthorized_faces\\2025-11-07\\camera0_18-19-36-695719.jpg',0,'2025-11-07 10:19:36.704301','Detected at 2025-11-07 18:19:36'),('56e9003b84cc4dcd80d1383a1d621343','unauthorized_faces\\2025-11-07\\camera0_18-17-29-695458.jpg',0,'2025-11-07 10:17:29.711465','Detected at 2025-11-07 18:17:29'),('56fdd6a9ce4c4075aab88c832c64cc22','unauthorized_faces\\2025-11-07\\camera0_18-23-52-075648.jpg',0,'2025-11-07 10:23:52.079835','Detected at 2025-11-07 18:23:52'),('57293f9bb69e451eb42ad05960d88d5c','unauthorized_faces\\2025-11-07\\camera0_18-01-50-112591.jpg',0,'2025-11-07 10:01:50.134879','Detected at 2025-11-07 18:01:50'),('57d8cccfb25f49b98b99c7d58375eaac','unauthorized_faces\\2025-11-07\\camera0_18-23-39-876383.jpg',0,'2025-11-07 10:23:39.882133','Detected at 2025-11-07 18:23:39'),('57de6504954945c2a71479949e78b6e2','unauthorized_faces\\2025-11-07\\camera0_18-22-39-425665.jpg',0,'2025-11-07 10:22:39.444725','Detected at 2025-11-07 18:22:39'),('58a7dbc5ed794202ad8ddb12700801e9','unauthorized_faces\\2025-11-07\\camera0_18-23-16-292662.jpg',0,'2025-11-07 10:23:16.297178','Detected at 2025-11-07 18:23:16'),('58c5253011254b75a3dfbdc4ba1a24ed','unauthorized_faces\\2025-11-07\\camera0_17-55-38-519322.jpg',0,'2025-11-07 09:55:38.520322','Detected at 2025-11-07 17:55:38'),('58f1266c556946198ee8fa11524f7880','unauthorized_faces\\2025-11-07\\camera0_18-02-15-748321.jpg',0,'2025-11-07 10:02:15.777217','Detected at 2025-11-07 18:02:15'),('591240acae024792b7c2b52eba5bd103','unauthorized_faces\\2025-11-07\\camera0_18-28-52-479521.jpg',0,'2025-11-07 10:28:52.492643','Detected at 2025-11-07 18:28:52'),('59f7db5a5c324467bd84df190f2492e9','unauthorized_faces\\2025-11-07\\camera0_18-05-35-983257.jpg',0,'2025-11-07 10:05:35.999298','Detected at 2025-11-07 18:05:35'),('5a71249d7d1f4eb3b1a557288a678abb','unauthorized_faces\\2025-11-07\\camera0_18-08-11-683499.jpg',0,'2025-11-07 10:08:11.699313','Detected at 2025-11-07 18:08:11'),('5abdad483c194643ac1bfac90ab9fd36','unauthorized_faces\\2025-11-07\\camera0_18-30-24-241296.jpg',0,'2025-11-07 10:30:24.244399','Detected at 2025-11-07 18:30:24'),('5ac6faa2e73f4457ab77e05a85367001','unauthorized_faces\\2025-11-07\\camera0_18-04-28-725249.jpg',0,'2025-11-07 10:04:28.725249','Detected at 2025-11-07 18:04:28'),('5b41af2f30cb4272a2f920fefbba18da','unauthorized_faces\\2025-11-07\\camera0_18-12-13-478865.jpg',0,'2025-11-07 10:12:13.486954','Detected at 2025-11-07 18:12:13'),('5c0b1ade41b94f9db10e7e03c7405b18','unauthorized_faces\\2025-11-07\\camera0_18-09-21-993823.jpg',0,'2025-11-07 10:09:22.003278','Detected at 2025-11-07 18:09:22'),('5db7cb10456e44dc8b02555da148d051','unauthorized_faces\\2025-11-07\\camera0_18-15-27-702033.jpg',0,'2025-11-07 10:15:27.712852','Detected at 2025-11-07 18:15:27'),('5dc58eb9ac8543cf9de8e09257c0da8b','unauthorized_faces\\2025-11-07\\camera0_18-18-00-559277.jpg',0,'2025-11-07 10:18:00.575050','Detected at 2025-11-07 18:18:00'),('5def0d3f9480429aa4228e5a20419915','unauthorized_faces\\2025-11-07\\camera0_18-26-31-337749.jpg',0,'2025-11-07 10:26:31.348993','Detected at 2025-11-07 18:26:31'),('5e80bb3c92aa4f2ea800dc2005be6599','unauthorized_faces\\2025-11-07\\camera0_18-31-21-931281.jpg',0,'2025-11-07 10:31:21.944564','Detected at 2025-11-07 18:31:21'),('5f1e3f7317ab457fa19df2020ff4ab6c','unauthorized_faces\\2025-11-07\\camera0_18-02-09-001411.jpg',0,'2025-11-07 10:02:09.019987','Detected at 2025-11-07 18:02:09'),('60ae00cf2ac84ff698cafe4141701047','unauthorized_faces\\2025-11-07\\camera0_18-18-08-759793.jpg',0,'2025-11-07 10:18:08.777430','Detected at 2025-11-07 18:18:08'),('60e03de3023a45169750fa6aaeb25ca8','unauthorized_faces\\2025-11-07\\camera0_18-29-14-657214.jpg',0,'2025-11-07 10:29:14.657214','Detected at 2025-11-07 18:29:14'),('61096b9c497940168ea67926f501a3ff','unauthorized_faces\\2025-11-07\\camera0_18-10-45-968892.jpg',0,'2025-11-07 10:10:45.968892','Detected at 2025-11-07 18:10:45'),('6139a0f3f88747ad9fdf1eca878962d8','unauthorized_faces\\2025-11-07\\camera0_17-54-42-014157.jpg',0,'2025-11-07 09:54:42.021157','Detected at 2025-11-07 17:54:42'),('617a7a10223646d5b607122d44464aea','unauthorized_faces\\2025-11-07\\camera0_17-55-31-646627.jpg',0,'2025-11-07 09:55:31.647533','Detected at 2025-11-07 17:55:31'),('61c901d7269642b798243d9be4ab8058','unauthorized_faces\\2025-11-07\\camera0_18-05-20-056397.jpg',0,'2025-11-07 10:05:20.075703','Detected at 2025-11-07 18:05:20'),('627e987c4ea742a4a83f66fecfeb6f81','unauthorized_faces\\2025-11-07\\camera0_18-29-31-098850.jpg',0,'2025-11-07 10:29:31.100853','Detected at 2025-11-07 18:29:31'),('629abf0c2e6346ef9a7239f6989dd8f0','unauthorized_faces\\2025-11-07\\camera0_18-19-19-622205.jpg',0,'2025-11-07 10:19:19.622205','Detected at 2025-11-07 18:19:19'),('62e995df57d24f15b46fa30055ef030c','unauthorized_faces\\2025-11-07\\camera0_18-24-06-781749.jpg',0,'2025-11-07 10:24:06.791468','Detected at 2025-11-07 18:24:06'),('62f0c7af9c05426e97eed6e1c8b57614','unauthorized_faces\\2025-11-07\\camera0_18-21-41-202379.jpg',0,'2025-11-07 10:21:41.228657','Detected at 2025-11-07 18:21:41'),('645913b06faa4124aa4d2f2b198098f8','unauthorized_faces\\2025-11-07\\camera0_18-02-28-283883.jpg',0,'2025-11-07 10:02:28.302531','Detected at 2025-11-07 18:02:28'),('645e5e0ec0e34d3d8dc7cb8b343da3bf','unauthorized_faces\\2025-11-07\\camera0_18-13-53-582565.jpg',0,'2025-11-07 10:13:53.586641','Detected at 2025-11-07 18:13:53'),('647b4a5e4882483b8dc49f2dcef03f5b','unauthorized_faces\\2025-11-07\\camera0_18-10-06-034970.jpg',0,'2025-11-07 10:10:06.038713','Detected at 2025-11-07 18:10:06'),('64bcd0cb1bf541a9afe3a2534ba1f901','unauthorized_faces\\2025-11-07\\camera0_18-21-26-008545.jpg',0,'2025-11-07 10:21:26.025245','Detected at 2025-11-07 18:21:26'),('64ccf6ed80fd459eb68cfcc7a993d1ff','unauthorized_faces\\2025-11-07\\camera0_17-54-39-419347.jpg',0,'2025-11-07 09:54:39.427344','Detected at 2025-11-07 17:54:39'),('661eca29d26d43bdaf5cf00ca381978e','unauthorized_faces\\2025-11-07\\camera0_18-05-30-738801.jpg',0,'2025-11-07 10:05:30.746374','Detected at 2025-11-07 18:05:30'),('6626bf80c89f4976b95fd7e743c77ae4','unauthorized_faces\\2025-11-07\\camera0_17-56-35-461906.jpg',0,'2025-11-07 09:56:35.462902','Detected at 2025-11-07 17:56:35'),('66497a1a627046d99c6b36c69576afd3','unauthorized_faces\\2025-11-07\\camera0_18-27-38-575911.jpg',0,'2025-11-07 10:27:38.577398','Detected at 2025-11-07 18:27:38'),('66b437f7aafa411b9e3bd222b2581e89','unauthorized_faces\\2025-11-07\\camera0_17-54-17-295157.jpg',0,'2025-11-07 09:54:17.303155','Detected at 2025-11-07 17:54:17'),('66c0ddd844c84fa9a950729c739fd656','unauthorized_faces\\2025-11-07\\camera0_18-02-35-526547.jpg',0,'2025-11-07 10:02:35.535330','Detected at 2025-11-07 18:02:35'),('66efca8de7044b7283fff6d7bd882f8f','unauthorized_faces\\2025-11-07\\camera0_18-19-05-164828.jpg',0,'2025-11-07 10:19:05.164828','Detected at 2025-11-07 18:19:05'),('678892d562f04ac18a12c48769b3211c','unauthorized_faces\\2025-11-07\\camera0_18-04-18-495365.jpg',0,'2025-11-07 10:04:18.504118','Detected at 2025-11-07 18:04:18'),('6883d70e9c6342bba6eff2b9eeff3871','unauthorized_faces\\2025-11-07\\camera0_18-09-17-011532.jpg',0,'2025-11-07 10:09:17.024170','Detected at 2025-11-07 18:09:17'),('69735e3fa0cb45e7b13fb240710a898a','unauthorized_faces\\2025-11-07\\camera0_18-29-45-813588.jpg',0,'2025-11-07 10:29:45.816125','Detected at 2025-11-07 18:29:45'),('69bd196610c84e1bbc9f0adad8eca45d','unauthorized_faces\\2025-11-07\\camera0_18-21-46-000368.jpg',0,'2025-11-07 10:21:46.024459','Detected at 2025-11-07 18:21:46'),('6a303224e0a0458489a5ba059dd129c0','unauthorized_faces\\2025-11-07\\camera0_18-10-02-790663.jpg',0,'2025-11-07 10:10:02.806148','Detected at 2025-11-07 18:10:02'),('6a7ae4fd30cf4239b65cf3c7c588bf50','unauthorized_faces\\2025-11-07\\camera0_18-09-25-324996.jpg',0,'2025-11-07 10:09:25.331027','Detected at 2025-11-07 18:09:25'),('6ab12b85c75543d58d222bbe9636597b','unauthorized_faces\\2025-11-07\\camera0_18-20-21-775498.jpg',0,'2025-11-07 10:20:21.775498','Detected at 2025-11-07 18:20:21'),('6b6a322a39074e208d603bf26221e19c','unauthorized_faces\\2025-11-07\\camera0_18-19-46-314639.jpg',0,'2025-11-07 10:19:46.342208','Detected at 2025-11-07 18:19:46'),('6b896c85a138490b8dc130c5a0a42ce3','unauthorized_faces\\2025-11-07\\camera0_18-16-16-080354.jpg',0,'2025-11-07 10:16:16.086418','Detected at 2025-11-07 18:16:16'),('6b9fac326fed45549b6d55ccbeb4598a','unauthorized_faces\\2025-11-07\\camera0_18-07-11-079276.jpg',0,'2025-11-07 10:07:11.095294','Detected at 2025-11-07 18:07:11'),('6ba8dbcf6e174a22b306e2cd84757c84','unauthorized_faces\\2025-11-07\\camera0_18-12-24-568412.jpg',0,'2025-11-07 10:12:24.576202','Detected at 2025-11-07 18:12:24'),('6bd421f4079849b69f239e4ac7f5663d','unauthorized_faces\\2025-11-07\\camera0_18-18-29-278081.jpg',0,'2025-11-07 10:18:29.298197','Detected at 2025-11-07 18:18:29'),('6be381b510cf416c9564ccf83f54c330','unauthorized_faces\\2025-11-07\\camera0_18-09-40-809221.jpg',0,'2025-11-07 10:09:40.842219','Detected at 2025-11-07 18:09:40'),('6c2e3709c58344408b5b5e2a685df8bd','unauthorized_faces\\2025-11-24\\camera0_14-57-56-823630.jpg',0,'2025-11-24 06:57:56.831429','Detected at 2025-11-24 14:57:56'),('6d1aa6fa544d49e98fba99e5396dd8c6','unauthorized_faces\\2025-11-07\\camera0_18-12-40-779424.jpg',0,'2025-11-07 10:12:40.789726','Detected at 2025-11-07 18:12:40'),('6d33ff051cc34a6ea5face367ccd7e53','unauthorized_faces\\2025-11-07\\camera0_18-07-42-147055.jpg',0,'2025-11-07 10:07:42.178857','Detected at 2025-11-07 18:07:42'),('6d44c58a0e7a4d879aaafe4ad53412ed','unauthorized_faces\\2025-11-07\\camera0_18-12-19-250091.jpg',0,'2025-11-07 10:12:19.250091','Detected at 2025-11-07 18:12:19'),('6e3083a8294d466284501eb6b4b5e2d6','unauthorized_faces\\2025-11-07\\camera0_18-31-03-923471.jpg',0,'2025-11-07 10:31:03.923471','Detected at 2025-11-07 18:31:03'),('6ed32212a7574390a0bb2432e6ef10d9','unauthorized_faces\\2025-11-07\\camera0_18-08-34-944662.jpg',0,'2025-11-07 10:08:34.952139','Detected at 2025-11-07 18:08:34'),('6faf2ab2e31b4e4eadfafd66b5e21914','unauthorized_faces\\2025-11-07\\camera0_18-24-09-826314.jpg',0,'2025-11-07 10:24:09.842171','Detected at 2025-11-07 18:24:09'),('7026b107f0d04ba68338014059521804','unauthorized_faces\\2025-11-07\\camera0_18-22-56-322243.jpg',0,'2025-11-07 10:22:56.322243','Detected at 2025-11-07 18:22:56'),('7027d6e8c62c42a2a545abd032221075','unauthorized_faces\\2025-11-07\\camera0_18-26-28-524327.jpg',0,'2025-11-07 10:26:28.551870','Detected at 2025-11-07 18:26:28'),('706df87607574fbcb8c9c8ef3c49298a','unauthorized_faces\\2025-11-07\\camera0_18-14-20-697751.jpg',0,'2025-11-07 10:14:20.714005','Detected at 2025-11-07 18:14:20'),('7090c445a7d74523b5937910ac4f39a5','unauthorized_faces\\2025-11-07\\camera0_18-06-28-411232.jpg',0,'2025-11-07 10:06:28.418854','Detected at 2025-11-07 18:06:28'),('70eb16eee9de46a79b6e3cdbc80abdcd','unauthorized_faces\\2025-11-07\\camera0_18-17-41-640891.jpg',0,'2025-11-07 10:17:41.651193','Detected at 2025-11-07 18:17:41'),('71b29924517949e09282303595172430','unauthorized_faces\\2025-11-07\\camera0_18-18-42-006604.jpg',0,'2025-11-07 10:18:42.022454','Detected at 2025-11-07 18:18:42'),('73346b57290b49759bc026f646db0412','unauthorized_faces\\2025-11-07\\camera0_18-26-47-042572.jpg',0,'2025-11-07 10:26:47.064935','Detected at 2025-11-07 18:26:47'),('73bc11057ec743209f4aa65159ed0090','unauthorized_faces\\2025-11-07\\camera0_18-30-39-954548.jpg',0,'2025-11-07 10:30:39.954548','Detected at 2025-11-07 18:30:39'),('7413dca8008a4914b95f97594f827624','unauthorized_faces\\2025-11-07\\camera0_18-23-03-305761.jpg',0,'2025-11-07 10:23:03.309516','Detected at 2025-11-07 18:23:03'),('745a8f29f69a4c689720857933dfbeac','unauthorized_faces\\2025-11-07\\camera0_18-29-22-827796.jpg',0,'2025-11-07 10:29:22.831162','Detected at 2025-11-07 18:29:22'),('7489b1b21a11437cb995a632dfb48455','unauthorized_faces\\2025-11-07\\camera0_18-30-21-292103.jpg',0,'2025-11-07 10:30:21.295346','Detected at 2025-11-07 18:30:21'),('756fb09b7d7b4fca9a7745e055157edc','unauthorized_faces\\2025-11-07\\camera0_18-14-37-185051.jpg',0,'2025-11-07 10:14:37.202163','Detected at 2025-11-07 18:14:37'),('75823272565348b9ba0b2e2f0edc8d7b','unauthorized_faces\\2025-11-07\\camera0_18-02-55-232348.jpg',0,'2025-11-07 10:02:55.254644','Detected at 2025-11-07 18:02:55'),('75ea3b076c04445d92ade26395b8df7d','unauthorized_faces\\2025-11-07\\camera0_18-06-33-117743.jpg',0,'2025-11-07 10:06:33.126355','Detected at 2025-11-07 18:06:33'),('76fc6d092b4748ecb55fee4a8174652e','unauthorized_faces\\2025-11-07\\camera0_18-04-50-661929.jpg',0,'2025-11-07 10:04:50.668787','Detected at 2025-11-07 18:04:50'),('773a1d5e0cd84243aa37f5b6fbde2354','unauthorized_faces\\2025-11-07\\camera0_18-20-27-166608.jpg',0,'2025-11-07 10:20:27.176196','Detected at 2025-11-07 18:20:27'),('7758315d3e714545b8d55aa2302ac02c','unauthorized_faces\\2025-11-07\\camera0_18-27-32-803273.jpg',0,'2025-11-07 10:27:32.820028','Detected at 2025-11-07 18:27:32'),('78dab82f883243598fc4338c0391d52b','unauthorized_faces\\2025-11-07\\camera0_18-07-44-283772.jpg',0,'2025-11-07 10:07:44.284782','Detected at 2025-11-07 18:07:44'),('79a3ded1cb4046a99f1a9e4d5c7ebc3d','unauthorized_faces\\2025-11-07\\camera0_18-24-00-144196.jpg',0,'2025-11-07 10:24:00.147871','Detected at 2025-11-07 18:24:00'),('7a3d6de218974e0a92a306430cd50213','unauthorized_faces\\2025-11-07\\camera0_17-55-27-179249.jpg',0,'2025-11-07 09:55:27.179249','Detected at 2025-11-07 17:55:27'),('7a9f6acb23e34921b972b41bb6a22c4b','unauthorized_faces\\2025-11-07\\camera0_18-31-24-795278.jpg',0,'2025-11-07 10:31:24.801769','Detected at 2025-11-07 18:31:24'),('7ba39d60871245bcb8e3cfdcc43cd895','unauthorized_faces\\2025-11-07\\camera0_18-04-47-660873.jpg',0,'2025-11-07 10:04:47.664530','Detected at 2025-11-07 18:04:47'),('7bccaf4dd67247d5bc1f559d56bd3406','unauthorized_faces\\2025-11-07\\camera0_18-14-12-048163.jpg',0,'2025-11-07 10:14:12.055061','Detected at 2025-11-07 18:14:12'),('7be73f3910a546f59c8423b975e39c9d','unauthorized_faces\\2025-11-07\\camera0_17-56-21-757026.jpg',0,'2025-11-07 09:56:21.758958','Detected at 2025-11-07 17:56:21'),('7c13919fe5744e059ebee5fb977fd6d6','unauthorized_faces\\2025-11-07\\camera0_18-16-49-175748.jpg',0,'2025-11-07 10:16:49.196915','Detected at 2025-11-07 18:16:49'),('7c7807f8ce41487eb4c3803a8d2209ec','unauthorized_faces\\2025-11-07\\camera0_18-01-11-930387.jpg',0,'2025-11-07 10:01:11.935538','Detected at 2025-11-07 18:01:11'),('7c9d5cf642ac46a89c01ada11d43ac18','unauthorized_faces\\2025-11-07\\camera0_18-03-48-810020.jpg',0,'2025-11-07 10:03:48.833815','Detected at 2025-11-07 18:03:48'),('7d45a7d39e1042398ac40e4e28a53417','unauthorized_faces\\2025-11-07\\camera0_18-20-38-223603.jpg',0,'2025-11-07 10:20:38.235397','Detected at 2025-11-07 18:20:38'),('7d62e332880f4dcf95caa303bfec6d45','unauthorized_faces\\2025-11-07\\camera0_18-08-19-917568.jpg',0,'2025-11-07 10:08:19.930787','Detected at 2025-11-07 18:08:19'),('7dfcd6cd6c5b4f9fbcfe38b4391e9d50','unauthorized_faces\\2025-11-07\\camera0_18-04-31-487183.jpg',0,'2025-11-07 10:04:31.492438','Detected at 2025-11-07 18:04:31'),('7e17cc7e7b204394b28f9027bd66424c','unauthorized_faces\\2025-11-07\\camera0_18-30-03-198036.jpg',0,'2025-11-07 10:30:03.205555','Detected at 2025-11-07 18:30:03'),('7e72d3bbfdff40e3869d238368374078','unauthorized_faces\\2025-11-07\\camera0_18-08-51-950791.jpg',0,'2025-11-07 10:08:51.950791','Detected at 2025-11-07 18:08:51'),('7edeabd0ea6b4b61bc1b2be4d687ea9a','unauthorized_faces\\2025-11-07\\camera0_17-56-19-209569.jpg',0,'2025-11-07 09:56:19.211389','Detected at 2025-11-07 17:56:19'),('7f32410b79ef4a89afaee3eee5a6d09e','unauthorized_faces\\2025-11-07\\camera0_18-27-21-147065.jpg',0,'2025-11-07 10:27:21.151546','Detected at 2025-11-07 18:27:21'),('7f6012e286db4b95bca5689e97ec7406','unauthorized_faces\\2025-11-07\\camera0_18-17-13-207656.jpg',0,'2025-11-07 10:17:13.221514','Detected at 2025-11-07 18:17:13'),('7f6debe4585e4b1dada47a2edebb1791','unauthorized_faces\\2025-11-07\\camera0_18-02-45-194157.jpg',0,'2025-11-07 10:02:45.220363','Detected at 2025-11-07 18:02:45'),('7fd86cc31b9f492bbb11d1f9f08ed856','unauthorized_faces\\2025-11-07\\camera0_18-17-33-118549.jpg',0,'2025-11-07 10:17:33.134566','Detected at 2025-11-07 18:17:33'),('8062a82b0f0b4e7e8a9f6b3ccede412a','unauthorized_faces\\2025-11-07\\camera0_18-19-12-200521.jpg',0,'2025-11-07 10:19:12.207797','Detected at 2025-11-07 18:19:12'),('8069627127d645d284547dc04238dc07','unauthorized_faces\\2025-11-07\\camera0_18-17-19-861344.jpg',0,'2025-11-07 10:17:19.880949','Detected at 2025-11-07 18:17:19'),('80f3b97e0bf14bb6830fd5671cc005af','unauthorized_faces\\2025-11-07\\camera0_18-07-29-138235.jpg',0,'2025-11-07 10:07:29.155627','Detected at 2025-11-07 18:07:29'),('818f2784d0c04cafbbc63771c159a326','unauthorized_faces\\2025-11-07\\camera0_17-54-05-272247.jpg',0,'2025-11-07 09:54:05.283264','Detected at 2025-11-07 17:54:05'),('81aa304fb6c84f7e9fb9c9bfd7b79311','unauthorized_faces\\2025-11-07\\camera0_17-55-07-955783.jpg',0,'2025-11-07 09:55:07.956687','Detected at 2025-11-07 17:55:07'),('821c3712c89a40148ffee2957e812a3d','unauthorized_faces\\2025-11-07\\camera0_18-23-22-950643.jpg',0,'2025-11-07 10:23:22.954948','Detected at 2025-11-07 18:23:22'),('822063ccf2304d82aaf64e79fc08c645','unauthorized_faces\\2025-11-07\\camera0_18-02-20-518819.jpg',0,'2025-11-07 10:02:20.540807','Detected at 2025-11-07 18:02:20'),('822182fbdcfc41a9a34ef7dd76e423ea','unauthorized_faces\\2025-11-07\\camera0_18-05-59-013806.jpg',0,'2025-11-07 10:05:59.021090','Detected at 2025-11-07 18:05:59'),('8239e50d060e4ca095bfb9ded9c2a8fb','unauthorized_faces\\2025-11-07\\camera0_18-10-21-928095.jpg',0,'2025-11-07 10:10:21.937676','Detected at 2025-11-07 18:10:21'),('82fe65c0db5147bf9960b23fb1c948af','unauthorized_faces\\2025-11-07\\camera0_18-26-52-948628.jpg',0,'2025-11-07 10:26:52.954770','Detected at 2025-11-07 18:26:52'),('834b855b8bcf401b97a307ae09560fe5','unauthorized_faces\\2025-11-07\\camera0_18-12-33-136739.jpg',0,'2025-11-07 10:12:33.142878','Detected at 2025-11-07 18:12:33'),('835eac7c5c8d402fa4dd816330203e38','unauthorized_faces\\2025-11-07\\camera0_18-19-31-148083.jpg',0,'2025-11-07 10:19:31.148083','Detected at 2025-11-07 18:19:31'),('83b174cf795d4c13ad9189c22905fa52','unauthorized_faces\\2025-11-07\\camera0_18-16-01-482027.jpg',0,'2025-11-07 10:16:01.487386','Detected at 2025-11-07 18:16:01'),('83d36015d70e49139ab228633dc4b2ce','unauthorized_faces\\2025-11-07\\camera0_18-21-15-424055.jpg',0,'2025-11-07 10:21:15.456003','Detected at 2025-11-07 18:21:15'),('843c9882dd724532b71b86c2c14187a2','unauthorized_faces\\2025-11-07\\camera0_18-07-54-969495.jpg',0,'2025-11-07 10:07:55.002725','Detected at 2025-11-07 18:07:55'),('8485a8989de74c7abace1815b19345d9','unauthorized_faces\\2025-11-07\\camera0_18-07-16-166375.jpg',0,'2025-11-07 10:07:16.174019','Detected at 2025-11-07 18:07:16'),('8489484b6ac84fa2ac582cb37e2186dc','unauthorized_faces\\2025-11-07\\camera0_18-09-11-819453.jpg',0,'2025-11-07 10:09:11.851501','Detected at 2025-11-07 18:09:11'),('85366db06f3a4cf28b847982ae7b172e','unauthorized_faces\\2025-11-07\\camera0_18-17-58-204140.jpg',0,'2025-11-07 10:17:58.208291','Detected at 2025-11-07 18:17:58'),('85fdbf52cc6e49419ea557eb161b4514','unauthorized_faces\\2025-11-07\\camera0_18-04-23-040247.jpg',0,'2025-11-07 10:04:23.052777','Detected at 2025-11-07 18:04:23'),('86d0e1842adc44e4ad46079952ad8ea8','unauthorized_faces\\2025-11-07\\camera0_18-18-44-913587.jpg',0,'2025-11-07 10:18:44.921797','Detected at 2025-11-07 18:18:44'),('86f0c88d5c6a45f6b0a6292e2a935525','unauthorized_faces\\2025-11-07\\camera0_18-25-45-461335.jpg',0,'2025-11-07 10:25:45.470377','Detected at 2025-11-07 18:25:45'),('86f40f8db063496c9cdad934c39faea0','unauthorized_faces\\2025-11-07\\camera0_18-14-01-385091.jpg',0,'2025-11-07 10:14:01.401083','Detected at 2025-11-07 18:14:01'),('878e6be5d5cc4959abc270832f76176c','unauthorized_faces\\2025-11-07\\camera0_18-28-49-675380.jpg',0,'2025-11-07 10:28:49.684495','Detected at 2025-11-07 18:28:49'),('882f759afa504e41854a43004c061544','unauthorized_faces\\2025-11-07\\camera0_18-07-47-462045.jpg',0,'2025-11-07 10:07:47.487456','Detected at 2025-11-07 18:07:47'),('886fa1da4f334efb9cc2971dd625b0d2','unauthorized_faces\\2025-11-07\\camera0_18-25-51-337868.jpg',0,'2025-11-07 10:25:51.345280','Detected at 2025-11-07 18:25:51'),('89021a2296f5434ca2f3a3e71780a185','unauthorized_faces\\2025-11-07\\camera0_18-04-26-275374.jpg',0,'2025-11-07 10:04:26.285870','Detected at 2025-11-07 18:04:26'),('89670f330b274b5b9ae4ec8d85049e2f','unauthorized_faces\\2025-11-07\\camera0_18-05-38-042406.jpg',0,'2025-11-07 10:05:38.046561','Detected at 2025-11-07 18:05:38'),('897911381444432eb17cfe3e3e7f5677','unauthorized_faces\\2025-11-07\\camera0_18-02-40-414678.jpg',0,'2025-11-07 10:02:40.438234','Detected at 2025-11-07 18:02:40'),('898aacfb7eee425eab22804555239210','unauthorized_faces\\2025-11-07\\camera0_18-05-52-619382.jpg',0,'2025-11-07 10:05:52.627528','Detected at 2025-11-07 18:05:52'),('8ac0a37fc9e242be9ab922498832d67f','unauthorized_faces\\2025-11-07\\camera0_18-30-15-331537.jpg',0,'2025-11-07 10:30:15.331537','Detected at 2025-11-07 18:30:15'),('8ac1e102cd584852b611e3d0c310845b','unauthorized_faces\\2025-11-07\\camera0_18-31-18-889602.jpg',0,'2025-11-07 10:31:18.892590','Detected at 2025-11-07 18:31:18'),('8ac26f78f99a4df78dfac4de32176c15','unauthorized_faces\\2025-11-07\\camera0_18-14-28-535633.jpg',0,'2025-11-07 10:14:28.547177','Detected at 2025-11-07 18:14:28'),('8ad0b3e7fcc748479a94b11bdaa5873c','unauthorized_faces\\2025-11-07\\camera0_17-56-09-361814.jpg',0,'2025-11-07 09:56:09.363813','Detected at 2025-11-07 17:56:09'),('8b01242798c04efa9dc91253391dae43','unauthorized_faces\\2025-11-07\\camera0_18-25-39-407881.jpg',0,'2025-11-07 10:25:39.421935','Detected at 2025-11-07 18:25:39'),('8b47f83d91a74893a337eed4b8d80afb','unauthorized_faces\\2025-11-07\\camera0_17-53-53-577180.jpg',0,'2025-11-07 09:53:53.585431','Detected at 2025-11-07 17:53:53'),('8c04bb9184a54d96bf271b9c323189f0','unauthorized_faces\\2025-11-07\\camera0_18-23-10-056151.jpg',0,'2025-11-07 10:23:10.063091','Detected at 2025-11-07 18:23:10'),('8c0e53e4ea3f41159606e05e0faf2760','unauthorized_faces\\2025-11-07\\camera0_18-00-43-914185.jpg',0,'2025-11-07 10:00:43.936517','Detected at 2025-11-07 18:00:43'),('8e117b36afb148cfbf3cdd152fc8dc97','unauthorized_faces\\2025-11-07\\camera0_18-08-22-298759.jpg',0,'2025-11-07 10:08:22.304754','Detected at 2025-11-07 18:08:22'),('8e7edf7f4b794ceeac1f320a36b152f9','unauthorized_faces\\2025-11-07\\camera0_18-14-42-375182.jpg',0,'2025-11-07 10:14:42.375182','Detected at 2025-11-07 18:14:42'),('8f889a46834b4a91948a854c33541457','unauthorized_faces\\2025-11-07\\camera0_18-11-37-446722.jpg',0,'2025-11-07 10:11:37.446722','Detected at 2025-11-07 18:11:37'),('8ff9d4f3682c4e5bab8d3f94ca388009','unauthorized_faces\\2025-11-07\\camera0_18-04-05-805232.jpg',0,'2025-11-07 10:04:05.817417','Detected at 2025-11-07 18:04:05'),('90356484bd614dda9c6ab10468edb514','unauthorized_faces\\2025-11-07\\camera0_18-24-41-726718.jpg',0,'2025-11-07 10:24:41.741332','Detected at 2025-11-07 18:24:41'),('90642c533c3d42f2ac0b309a4b7f43e0','unauthorized_faces\\2025-11-07\\camera0_18-18-47-260867.jpg',0,'2025-11-07 10:18:47.267991','Detected at 2025-11-07 18:18:47'),('90e998041bf9457eaf4753ad391f316f','unauthorized_faces\\2025-11-07\\camera0_17-56-04-092677.jpg',0,'2025-11-07 09:56:04.100840','Detected at 2025-11-07 17:56:04'),('9106742779074c16a9cfae97487544e2','unauthorized_faces\\2025-11-07\\camera0_18-30-43-088701.jpg',0,'2025-11-07 10:30:43.091699','Detected at 2025-11-07 18:30:43'),('91564ac39b2f428581a4292e8ce9435d','unauthorized_faces\\2025-11-07\\camera0_17-55-42-936145.jpg',0,'2025-11-07 09:55:42.941583','Detected at 2025-11-07 17:55:42'),('91e88c0aebd4499a80eefb554122dfee','unauthorized_faces\\2025-11-07\\camera0_18-27-44-060427.jpg',0,'2025-11-07 10:27:44.062420','Detected at 2025-11-07 18:27:44'),('9241f29cfbe1420a806e24ca6a47a8a8','unauthorized_faces\\2025-11-07\\camera0_18-30-12-191622.jpg',0,'2025-11-07 10:30:12.193685','Detected at 2025-11-07 18:30:12'),('928e43d1b0ea4444a7e0824b2a8e638e','unauthorized_faces\\2025-11-07\\camera0_18-22-43-076589.jpg',0,'2025-11-07 10:22:43.094423','Detected at 2025-11-07 18:22:43'),('93a72191b723437eac0ff550c07dfa1e','unauthorized_faces\\2025-11-07\\camera0_18-26-49-874391.jpg',0,'2025-11-07 10:26:49.887923','Detected at 2025-11-07 18:26:49'),('93d091934dd9457fb30987eafed29853','unauthorized_faces\\2025-11-07\\camera0_18-26-20-485033.jpg',0,'2025-11-07 10:26:20.487168','Detected at 2025-11-07 18:26:20'),('93ddb7da86684cd8967a953cee90c165','unauthorized_faces\\2025-11-07\\camera0_17-56-24-410690.jpg',0,'2025-11-07 09:56:24.412607','Detected at 2025-11-07 17:56:24'),('94827b779f404207808845a2ed57d843','unauthorized_faces\\2025-11-07\\camera0_17-54-44-056004.jpg',0,'2025-11-07 09:54:44.058950','Detected at 2025-11-07 17:54:44'),('94f77ca4ec7043c29d081a891e10247c','unauthorized_faces\\2025-11-07\\camera0_18-00-38-284175.jpg',0,'2025-11-07 10:00:38.290152','Detected at 2025-11-07 18:00:38'),('953b91b3d1404a40ad23263994ede48b','unauthorized_faces\\2025-11-07\\camera0_18-11-46-183435.jpg',0,'2025-11-07 10:11:46.186530','Detected at 2025-11-07 18:11:46'),('955ac98c1c284b00b27d40e92c068278','unauthorized_faces\\2025-11-07\\camera0_17-56-30-121258.jpg',0,'2025-11-07 09:56:30.123763','Detected at 2025-11-07 17:56:30'),('95b21df9bfff40f9b02da5964abdf068','unauthorized_faces\\2025-11-07\\camera0_18-25-19-312861.jpg',0,'2025-11-07 10:25:19.328701','Detected at 2025-11-07 18:25:19'),('95c779982bca435d8fdd5461dc211871','unauthorized_faces\\2025-11-07\\camera0_18-28-05-371109.jpg',0,'2025-11-07 10:28:05.386975','Detected at 2025-11-07 18:28:05'),('96478b58e8c34cfd88e651e1893d4720','unauthorized_faces\\2025-11-07\\camera0_18-09-45-538788.jpg',0,'2025-11-07 10:09:45.538788','Detected at 2025-11-07 18:09:45'),('9648be24f2814475bbaf9b45ae1c9380','unauthorized_faces\\2025-11-07\\camera0_18-25-33-224968.jpg',0,'2025-11-07 10:25:33.235359','Detected at 2025-11-07 18:25:33'),('96afd40390e6472eb34a007d69681927','unauthorized_faces\\2025-11-07\\camera0_18-00-58-003402.jpg',0,'2025-11-07 10:00:58.029183','Detected at 2025-11-07 18:00:58'),('97d3f8cccc7d4bcbbf3f88e6ff19dae7','unauthorized_faces\\2025-11-07\\camera0_18-30-27-322731.jpg',0,'2025-11-07 10:30:27.325802','Detected at 2025-11-07 18:30:27'),('97e747ee75474e50807a1e3e98d1230e','unauthorized_faces\\2025-11-07\\camera0_18-25-42-324789.jpg',0,'2025-11-07 10:25:42.343079','Detected at 2025-11-07 18:25:42'),('98804e2057f9401293d6a5cd57e6d907','unauthorized_faces\\2025-11-07\\camera0_18-17-49-887636.jpg',0,'2025-11-07 10:17:49.887636','Detected at 2025-11-07 18:17:49'),('98eae08f33b7455f85a5cf92678b3dc9','unauthorized_faces\\2025-11-07\\camera0_18-14-15-356800.jpg',0,'2025-11-07 10:14:15.366954','Detected at 2025-11-07 18:14:15'),('9a584f507d6e47c990d4a3e0bfb898b6','unauthorized_faces\\2025-11-07\\camera0_17-55-58-890895.jpg',0,'2025-11-07 09:55:58.897894','Detected at 2025-11-07 17:55:58'),('9a9a5cda39bc479fa186331b856ac660','unauthorized_faces\\2025-11-07\\camera0_18-24-03-269271.jpg',0,'2025-11-07 10:24:03.272199','Detected at 2025-11-07 18:24:03'),('9c2c3f08f64d41ef80ff07e5b1e931f2','unauthorized_faces\\2025-11-07\\camera0_18-13-41-769883.jpg',0,'2025-11-07 10:13:41.779631','Detected at 2025-11-07 18:13:41'),('9c3ff1650ccf450d885869733069d0a5','unauthorized_faces\\2025-11-07\\camera0_18-24-24-575774.jpg',0,'2025-11-07 10:24:24.591147','Detected at 2025-11-07 18:24:24'),('9cf44309d42540cb99039770289490e6','unauthorized_faces\\2025-11-07\\camera0_18-26-14-799745.jpg',0,'2025-11-07 10:26:14.799745','Detected at 2025-11-07 18:26:14'),('9d69a4e863224010bc8914cea21c53c9','unauthorized_faces\\2025-11-07\\camera0_18-13-14-684566.jpg',0,'2025-11-07 10:13:14.700508','Detected at 2025-11-07 18:13:14'),('9dc60256a8304acd90cc4ee08da49250','unauthorized_faces\\2025-11-07\\camera0_18-28-32-749607.jpg',0,'2025-11-07 10:28:32.753980','Detected at 2025-11-07 18:28:32'),('9e976595214d4d4baed3efbfa643a0b4','unauthorized_faces\\2025-11-07\\camera0_17-55-50-026707.jpg',0,'2025-11-07 09:55:50.028574','Detected at 2025-11-07 17:55:50'),('9edaae44da76435a803ab2c3c16349e7','unauthorized_faces\\2025-11-07\\camera0_18-25-07-071605.jpg',0,'2025-11-07 10:25:07.081515','Detected at 2025-11-07 18:25:07'),('9efc2c3ab2304b869b6ebbe151e61929','unauthorized_faces\\2025-11-07\\camera0_18-12-21-804162.jpg',0,'2025-11-07 10:12:21.815273','Detected at 2025-11-07 18:12:21'),('9f22bed62f664941a4a58cd0f549fea6','unauthorized_faces\\2025-11-07\\camera0_18-24-48-476727.jpg',0,'2025-11-07 10:24:48.494688','Detected at 2025-11-07 18:24:48'),('9f37c5ea655e47bb8fc0d81b8c46d0b4','unauthorized_faces\\2025-11-07\\camera0_18-26-41-200242.jpg',0,'2025-11-07 10:26:41.202237','Detected at 2025-11-07 18:26:41'),('9f3cb0521f4541048220243c6cef8948','unauthorized_faces\\2025-11-07\\camera0_17-56-06-542575.jpg',0,'2025-11-07 09:56:06.550583','Detected at 2025-11-07 17:56:06'),('9f7615ba460f4126b5eca26ef2769c86','unauthorized_faces\\2025-11-07\\camera0_17-56-27-235047.jpg',0,'2025-11-07 09:56:27.238050','Detected at 2025-11-07 17:56:27'),('9f9965872287458fac11e98905b4f592','unauthorized_faces\\2025-11-07\\camera0_18-27-00-400510.jpg',0,'2025-11-07 10:27:00.406086','Detected at 2025-11-07 18:27:00'),('9fb13190e4fb44789574500a62b5e0f3','unauthorized_faces\\2025-11-07\\camera0_18-29-57-496715.jpg',0,'2025-11-07 10:29:57.504159','Detected at 2025-11-07 18:29:57'),('a022520377ac46bdae48f76cf9eed281','unauthorized_faces\\2025-11-07\\camera0_18-08-42-196461.jpg',0,'2025-11-07 10:08:42.196461','Detected at 2025-11-07 18:08:42'),('a03cb10c45d14a69945cb57337aded40','unauthorized_faces\\2025-11-07\\camera0_18-12-37-697861.jpg',0,'2025-11-07 10:12:37.697861','Detected at 2025-11-07 18:12:37'),('a1465e14562f4b75b2ad8f7783314ac8','unauthorized_faces\\2025-11-07\\camera0_18-28-24-460685.jpg',0,'2025-11-07 10:28:24.463799','Detected at 2025-11-07 18:28:24'),('a1673d036bac4c4ea94a8bb680280b9c','unauthorized_faces\\2025-11-07\\camera0_18-05-47-578871.jpg',0,'2025-11-07 10:05:47.596944','Detected at 2025-11-07 18:05:47'),('a1990d47b9bb44f6ab73c626349a00b1','unauthorized_faces\\2025-11-07\\camera0_17-54-46-211235.jpg',0,'2025-11-07 09:54:46.213747','Detected at 2025-11-07 17:54:46'),('a1a2d505bba042fe8cc90a6bb4088aba','unauthorized_faces\\2025-11-07\\camera0_18-27-35-726045.jpg',0,'2025-11-07 10:27:35.739310','Detected at 2025-11-07 18:27:35'),('a1bd3429593d4113850932d2031dba16','unauthorized_faces\\2025-11-07\\camera0_18-14-24-521795.jpg',0,'2025-11-07 10:14:24.537693','Detected at 2025-11-07 18:14:24'),('a1c896a2675a4ff39d73dd02b33481f5','unauthorized_faces\\2025-11-07\\camera0_18-08-17-062490.jpg',0,'2025-11-07 10:08:17.068471','Detected at 2025-11-07 18:08:17'),('a1ec1ad72e4742959544bccae1ead194','unauthorized_faces\\2025-11-07\\camera0_18-11-27-340164.jpg',0,'2025-11-07 10:11:27.343608','Detected at 2025-11-07 18:11:27'),('a2309c38f51c480a984d670a8ac5cdaa','unauthorized_faces\\2025-11-07\\camera0_17-55-03-281102.jpg',0,'2025-11-07 09:55:03.287103','Detected at 2025-11-07 17:55:03'),('a28a1fd3b2f24c5ab072f2312c3aef12','unauthorized_faces\\2025-11-07\\camera0_18-09-30-174679.jpg',0,'2025-11-07 10:09:30.174679','Detected at 2025-11-07 18:09:30'),('a2cad1b935c94a7da8c6ca2ef33f669a','unauthorized_faces\\2025-11-07\\camera0_18-29-36-711866.jpg',0,'2025-11-07 10:29:36.713689','Detected at 2025-11-07 18:29:36'),('a2cc3990d0374d44bc27e2abddd1f311','unauthorized_faces\\2025-11-07\\camera0_18-03-13-178001.jpg',0,'2025-11-07 10:03:13.207578','Detected at 2025-11-07 18:03:13'),('a33d0a53e1f348639c946c8650c0ee9c','unauthorized_faces\\2025-11-07\\camera0_18-18-16-730298.jpg',0,'2025-11-07 10:18:16.741033','Detected at 2025-11-07 18:18:16'),('a387dc6a19b44b238ce87828139d83b8','unauthorized_faces\\2025-11-07\\camera0_18-10-24-912656.jpg',0,'2025-11-07 10:10:24.912656','Detected at 2025-11-07 18:10:24'),('a3d19e39ee47415393dc41087470b49b','unauthorized_faces\\2025-11-07\\camera0_18-24-12-881251.jpg',0,'2025-11-07 10:24:12.881251','Detected at 2025-11-07 18:24:12'),('a3db088b836c4436b72bc8b7b4447254','unauthorized_faces\\2025-11-07\\camera0_18-10-40-720105.jpg',0,'2025-11-07 10:10:40.733807','Detected at 2025-11-07 18:10:40'),('a40e94100b9a410fa56ff5618c3c027b','unauthorized_faces\\2025-11-07\\camera0_18-15-07-700692.jpg',0,'2025-11-07 10:15:07.709155','Detected at 2025-11-07 18:15:07'),('a46bf1f2552b44e589e758eb23f196b9','unauthorized_faces\\2025-11-07\\camera0_18-00-47-471229.jpg',0,'2025-11-07 10:00:47.497739','Detected at 2025-11-07 18:00:47'),('a49d53e5f68f464f85497bf4610e1902','unauthorized_faces\\2025-11-07\\camera0_18-10-50-677401.jpg',0,'2025-11-07 10:10:50.677401','Detected at 2025-11-07 18:10:50'),('a4d60a834c6f43aa93a3fbe5b49a2a63','unauthorized_faces\\2025-11-07\\camera0_18-02-04-310061.jpg',0,'2025-11-07 10:02:04.333875','Detected at 2025-11-07 18:02:04'),('a5531bfedd4540d79e03573084323602','unauthorized_faces\\2025-11-07\\camera0_17-55-05-928580.jpg',0,'2025-11-07 09:55:05.933574','Detected at 2025-11-07 17:55:05'),('a5cb134d359c46068f550213f091957d','unauthorized_faces\\2025-11-07\\camera0_18-21-05-127455.jpg',0,'2025-11-07 10:21:05.159236','Detected at 2025-11-07 18:21:05'),('a5f60dff57224128ad078460498f08c5','unauthorized_faces\\2025-11-07\\camera0_18-19-07-433288.jpg',0,'2025-11-07 10:19:07.465321','Detected at 2025-11-07 18:19:07'),('a6a3e4d218f748419df9a96ce66f4846','unauthorized_faces\\2025-11-07\\camera0_18-08-06-452765.jpg',0,'2025-11-07 10:08:06.452765','Detected at 2025-11-07 18:08:06'),('a7586d0a1f8f4fd38d01f18079d14e0a','unauthorized_faces\\2025-11-07\\camera0_18-08-37-486084.jpg',0,'2025-11-07 10:08:37.488016','Detected at 2025-11-07 18:08:37'),('a7613cc9b42c4a2d981091c03c9a5772','unauthorized_faces\\2025-11-07\\camera0_18-30-30-419890.jpg',0,'2025-11-07 10:30:30.422112','Detected at 2025-11-07 18:30:30'),('a7c4c29afa3749e6ad8344aef9a7aa53','unauthorized_faces\\2025-11-07\\camera0_18-17-52-783900.jpg',0,'2025-11-07 10:17:52.799797','Detected at 2025-11-07 18:17:52'),('a7d05ee883da49e59f407f0ededbc7f7','unauthorized_faces\\2025-11-07\\camera0_18-28-55-297493.jpg',0,'2025-11-07 10:28:55.299493','Detected at 2025-11-07 18:28:55'),('a8418c88e9c74621a9244437dda8e729','unauthorized_faces\\2025-11-07\\camera0_17-53-51-347901.jpg',0,'2025-11-07 09:53:51.355121','Detected at 2025-11-07 17:53:51'),('a8656268206a431cb34aec69fc55f11d','unauthorized_faces\\2025-11-07\\camera0_18-23-28-038702.jpg',0,'2025-11-07 10:23:28.047063','Detected at 2025-11-07 18:23:28'),('aa4389870acc48a3b86b3232f04b0fd6','unauthorized_faces\\2025-11-07\\camera0_18-09-50-272364.jpg',0,'2025-11-07 10:09:50.272364','Detected at 2025-11-07 18:09:50'),('aa8c93fcc76e43b0925df31588381fe1','unauthorized_faces\\2025-11-07\\camera0_18-04-34-333754.jpg',0,'2025-11-07 10:04:34.338028','Detected at 2025-11-07 18:04:34'),('aaf793865b1c4db3836c408331f37370','unauthorized_faces\\2025-11-07\\camera0_18-27-24-097234.jpg',0,'2025-11-07 10:27:24.108061','Detected at 2025-11-07 18:27:24'),('ab0f9789962345c1bdf7f0897f8915d6','unauthorized_faces\\2025-11-07\\camera0_18-16-27-111238.jpg',0,'2025-11-07 10:16:27.141586','Detected at 2025-11-07 18:16:27'),('abc0fcae3f2c4ab8b088ee92be33642e','unauthorized_faces\\2025-11-07\\camera0_17-55-19-357017.jpg',0,'2025-11-07 09:55:19.363031','Detected at 2025-11-07 17:55:19'),('ac48ca97844c46fca15c597e32b50ce5','unauthorized_faces\\2025-11-07\\camera0_18-22-05-750782.jpg',0,'2025-11-07 10:22:05.770411','Detected at 2025-11-07 18:22:05'),('ac5e68b0670140c28a36e21294551945','unauthorized_faces\\2025-11-07\\camera0_18-24-35-783122.jpg',0,'2025-11-07 10:24:35.804879','Detected at 2025-11-07 18:24:35'),('acb269c3d971498c8f4ef38eada11b30','unauthorized_faces\\2025-11-07\\camera0_18-29-09-370931.jpg',0,'2025-11-07 10:29:09.370931','Detected at 2025-11-07 18:29:09'),('ad0206e855734b5eaba7ee4d93a4b813','unauthorized_faces\\2025-11-07\\camera0_18-22-19-193185.jpg',0,'2025-11-07 10:22:19.200132','Detected at 2025-11-07 18:22:19'),('ae9cc9e1360a46719c9bd34a0b0a649e','unauthorized_faces\\2025-11-07\\camera0_18-01-59-433185.jpg',0,'2025-11-07 10:01:59.462735','Detected at 2025-11-07 18:01:59'),('aeb97fa4e84a453c95854ba1d1899bd5','unauthorized_faces\\2025-11-07\\camera0_18-07-00-962295.jpg',0,'2025-11-07 10:07:00.986428','Detected at 2025-11-07 18:07:00'),('af050c68de02427dafe46875bccd6bee','unauthorized_faces\\2025-11-07\\camera0_17-56-11-831343.jpg',0,'2025-11-07 09:56:11.833343','Detected at 2025-11-07 17:56:11'),('afcd47a068c44d5d9eff20869e779539','unauthorized_faces\\2025-11-07\\camera0_18-27-09-300078.jpg',0,'2025-11-07 10:27:09.308631','Detected at 2025-11-07 18:27:09'),('b0087e702c984fbb9765115aa8f1af00','unauthorized_faces\\2025-11-07\\camera0_18-03-02-625162.jpg',0,'2025-11-07 10:03:02.625162','Detected at 2025-11-07 18:03:02'),('b0e467a5e5134933b79e7d1706e14a3a','unauthorized_faces\\2025-11-07\\camera0_18-18-39-661326.jpg',0,'2025-11-07 10:18:39.677190','Detected at 2025-11-07 18:18:39'),('b0f9483f5e564a1aa310fc0012c41a9b','unauthorized_faces\\2025-11-07\\camera0_18-02-23-413947.jpg',0,'2025-11-07 10:02:23.442859','Detected at 2025-11-07 18:02:23'),('b18a139b77a94114a3c5109bb8ab96b0','unauthorized_faces\\2025-11-07\\camera0_18-13-36-538001.jpg',0,'2025-11-07 10:13:36.557162','Detected at 2025-11-07 18:13:36'),('b1a2ab2368cd49a28bbb04cbeadc5747','unauthorized_faces\\2025-11-07\\camera0_18-27-29-891966.jpg',0,'2025-11-07 10:27:29.907979','Detected at 2025-11-07 18:27:29'),('b1c49dec0e3749478623409d5c2775b5','unauthorized_faces\\2025-11-07\\camera0_18-28-46-915681.jpg',0,'2025-11-07 10:28:46.917711','Detected at 2025-11-07 18:28:46'),('b1fd41625998494aba61520dd0b8b413','unauthorized_faces\\2025-11-07\\camera0_18-11-40-983640.jpg',0,'2025-11-07 10:11:40.991809','Detected at 2025-11-07 18:11:40'),('b2beba1db8a7423dbef0b09989a7130b','unauthorized_faces\\2025-11-07\\camera0_18-13-19-759304.jpg',0,'2025-11-07 10:13:19.759304','Detected at 2025-11-07 18:13:19'),('b2f02f6e713444e8b609803e6908d7c3','unauthorized_faces\\2025-11-07\\camera0_18-25-16-565748.jpg',0,'2025-11-07 10:25:16.574896','Detected at 2025-11-07 18:25:16'),('b3723c181ac047089371af7a7bcf9f33','unauthorized_faces\\2025-11-07\\camera0_18-12-02-839669.jpg',0,'2025-11-07 10:12:02.839669','Detected at 2025-11-07 18:12:02'),('b3a1d97f88b7439ea04696702a776536','unauthorized_faces\\2025-11-07\\camera0_18-07-52-688336.jpg',0,'2025-11-07 10:07:52.720629','Detected at 2025-11-07 18:07:52'),('b3f0670601e04ec2adc03cf2664a6a32','unauthorized_faces\\2025-11-07\\camera0_18-25-36-185696.jpg',0,'2025-11-07 10:25:36.201606','Detected at 2025-11-07 18:25:36'),('b42aa7b13875435ea711368af5067cc3','unauthorized_faces\\2025-11-07\\camera0_18-15-41-416471.jpg',0,'2025-11-07 10:15:41.424985','Detected at 2025-11-07 18:15:41'),('b5422089eef6493d8d91559c4b785100','unauthorized_faces\\2025-11-07\\camera0_18-01-16-811429.jpg',0,'2025-11-07 10:01:16.842327','Detected at 2025-11-07 18:01:16'),('b594275878bc4491840e1860b65de1da','unauthorized_faces\\2025-11-07\\camera0_18-27-57-417531.jpg',0,'2025-11-07 10:27:57.417531','Detected at 2025-11-07 18:27:57'),('b5d44707c7b947f5831de79b0dde9c0c','unauthorized_faces\\2025-11-07\\camera0_18-19-27-747271.jpg',0,'2025-11-07 10:19:27.763437','Detected at 2025-11-07 18:19:27'),('b5ff8d8b9594478c9a5be7f035eee9a4','unauthorized_faces\\2025-11-07\\camera0_18-22-10-015400.jpg',0,'2025-11-07 10:22:10.029840','Detected at 2025-11-07 18:22:10'),('b6566249dbe74d76ab4936330e392a67','unauthorized_faces\\2025-11-07\\camera0_18-01-26-382054.jpg',0,'2025-11-07 10:01:26.398392','Detected at 2025-11-07 18:01:26'),('b6dd4a4b62cf49d2971a16a3ee63761f','unauthorized_faces\\2025-11-07\\camera0_18-04-10-054871.jpg',0,'2025-11-07 10:04:10.063065','Detected at 2025-11-07 18:04:10'),('b6f93ab436a54522891a995d312fc102','unauthorized_faces\\2025-11-07\\camera0_18-11-04-266348.jpg',0,'2025-11-07 10:11:04.281816','Detected at 2025-11-07 18:11:04'),('b75661a5031243f9902f61762c5958b5','unauthorized_faces\\2025-11-07\\camera0_18-11-59-411345.jpg',0,'2025-11-07 10:11:59.421089','Detected at 2025-11-07 18:11:59'),('b8ddf4dae0d3497788d810d427ea2175','unauthorized_faces\\2025-11-24\\camera0_14-59-49-221876.jpg',0,'2025-11-24 06:59:49.228901','Detected at 2025-11-24 14:59:49'),('b900190004934e409f7a01589f548f2f','unauthorized_faces\\2025-11-07\\camera0_18-12-08-442489.jpg',0,'2025-11-07 10:12:08.453742','Detected at 2025-11-07 18:12:08'),('b9146eec42bd49f3a4b21b90c96ef3ab','unauthorized_faces\\2025-11-07\\camera0_17-55-47-795888.jpg',0,'2025-11-07 09:55:47.797783','Detected at 2025-11-07 17:55:47'),('b917d05eac0546059bd7e718e4ad6070','unauthorized_faces\\2025-11-07\\camera0_18-19-02-655627.jpg',0,'2025-11-07 10:19:02.664179','Detected at 2025-11-07 18:19:02'),('b91b3a7331874036b7add2ec041b4417','unauthorized_faces\\2025-11-07\\camera0_17-55-40-520203.jpg',0,'2025-11-07 09:55:40.521204','Detected at 2025-11-07 17:55:40'),('b99eca5fb60e40ee84ae5ec8590d6bd2','unauthorized_faces\\2025-11-07\\camera0_18-24-21-741962.jpg',0,'2025-11-07 10:24:21.755309','Detected at 2025-11-07 18:24:21'),('ba1379af1414409aa1aed3ee1f90cb2e','unauthorized_faces\\2025-11-07\\camera0_17-55-09-999547.jpg',0,'2025-11-07 09:55:10.004546','Detected at 2025-11-07 17:55:10'),('bac05bf2c99842aaa2c9a2d98629e50d','unauthorized_faces\\2025-11-07\\camera0_18-28-08-007754.jpg',0,'2025-11-07 10:28:08.013574','Detected at 2025-11-07 18:28:08'),('bb0f4157b0b4461b9c62e2c705932e0b','unauthorized_faces\\2025-11-07\\camera0_18-13-45-297719.jpg',0,'2025-11-07 10:13:45.297719','Detected at 2025-11-07 18:13:45'),('bb11fd1916a34302bdad1de0702f01c6','unauthorized_faces\\2025-11-07\\camera0_18-18-34-443318.jpg',0,'2025-11-07 10:18:34.452043','Detected at 2025-11-07 18:18:34'),('bb88c5b13dae48a7897995afdea47e1d','unauthorized_faces\\2025-11-07\\camera0_18-15-44-430554.jpg',0,'2025-11-07 10:15:44.430554','Detected at 2025-11-07 18:15:44'),('bc9091f05b3a4c63a3b4f309859f00cc','unauthorized_faces\\2025-11-07\\camera0_17-53-56-039207.jpg',0,'2025-11-07 09:53:56.049231','Detected at 2025-11-07 17:53:56'),('bd303fea30a043d7980b6603ca8db045','unauthorized_faces\\2025-11-07\\camera0_18-08-32-029400.jpg',0,'2025-11-07 10:08:32.041083','Detected at 2025-11-07 18:08:32'),('bde43c08d6da48b3948d471845a78541','unauthorized_faces\\2025-11-07\\camera0_18-03-38-651736.jpg',0,'2025-11-07 10:03:38.680036','Detected at 2025-11-07 18:03:38'),('bdfbe3e93e0e4090ab21d4d5ba4d9de0','unauthorized_faces\\2025-11-07\\camera0_18-22-16-177629.jpg',0,'2025-11-07 10:22:16.190407','Detected at 2025-11-07 18:22:16'),('bf2678755245402bac5f742875681c97','unauthorized_faces\\2025-11-24\\camera0_14-41-54-058546.jpg',0,'2025-11-24 06:41:54.063985','Detected at 2025-11-24 14:41:54'),('bf3b3cc9924d4ef790d323c8c66ecf54','unauthorized_faces\\2025-11-07\\camera0_18-29-20-123267.jpg',0,'2025-11-07 10:29:20.135895','Detected at 2025-11-07 18:29:20'),('bf73732997844beab2e48cf8af3d39cc','unauthorized_faces\\2025-11-07\\camera0_18-18-05-991753.jpg',0,'2025-11-07 10:18:05.999101','Detected at 2025-11-07 18:18:05'),('c18edd59ae184fb2a44f6234922fea52','unauthorized_faces\\2025-11-07\\camera0_18-14-06-859636.jpg',0,'2025-11-07 10:14:06.859636','Detected at 2025-11-07 18:14:06'),('c1f86b829cbf4f57acb7b71212cff7b9','unauthorized_faces\\2025-11-07\\camera0_18-10-16-494305.jpg',0,'2025-11-07 10:10:16.494305','Detected at 2025-11-07 18:10:16'),('c28ee1eb8b654d9db1509874f3c9af12','unauthorized_faces\\2025-11-07\\camera0_18-16-38-154578.jpg',0,'2025-11-07 10:16:38.161788','Detected at 2025-11-07 18:16:38'),('c2a93eedb7b04ae4ae1afd048b3a2dfe','unauthorized_faces\\2025-11-07\\camera0_18-02-52-829068.jpg',0,'2025-11-07 10:02:52.848029','Detected at 2025-11-07 18:02:52'),('c2d0a7bcdc3d47089bd7e8f68459cee6','unauthorized_faces\\2025-11-07\\camera0_18-20-49-337141.jpg',0,'2025-11-07 10:20:49.357099','Detected at 2025-11-07 18:20:49'),('c30df133352248429cea10d59f89188a','unauthorized_faces\\2025-11-07\\camera0_17-55-01-066783.jpg',0,'2025-11-07 09:55:01.068782','Detected at 2025-11-07 17:55:01'),('c3307615dc7c470db86d4f600d5dc378','unauthorized_faces\\2025-11-07\\camera0_18-28-10-617105.jpg',0,'2025-11-07 10:28:10.618106','Detected at 2025-11-07 18:28:10'),('c462ae4d623d4b80b282457389f1499c','unauthorized_faces\\2025-11-07\\camera0_18-11-32-262104.jpg',0,'2025-11-07 10:11:32.287311','Detected at 2025-11-07 18:11:32'),('c61bb77b71064aceb2ed344f4143a5ed','unauthorized_faces\\2025-11-07\\camera0_18-11-51-277820.jpg',0,'2025-11-07 10:11:51.290377','Detected at 2025-11-07 18:11:51'),('c70c861cb5b74eea86687d38012da747','unauthorized_faces\\2025-11-07\\camera0_18-28-19-059921.jpg',0,'2025-11-07 10:28:19.061480','Detected at 2025-11-07 18:28:19'),('c727bb60a7244895a4e0b3301abde47a','unauthorized_faces\\2025-11-07\\camera0_18-19-17-137092.jpg',0,'2025-11-07 10:19:17.153374','Detected at 2025-11-07 18:19:17'),('c731f25ebea9469f98855cc89d482cb4','unauthorized_faces\\2025-11-24\\camera0_14-57-00-757978.jpg',0,'2025-11-24 06:57:00.760895','Detected at 2025-11-24 14:57:00'),('c8c688cc461b4a77ad783b3dccc7cac2','unauthorized_faces\\2025-11-07\\camera0_18-06-50-452365.jpg',0,'2025-11-07 10:06:50.467666','Detected at 2025-11-07 18:06:50'),('c9642e3481364230a9f8adc4e2ca368b','unauthorized_faces\\2025-11-07\\camera0_18-20-54-339034.jpg',0,'2025-11-07 10:20:54.357694','Detected at 2025-11-07 18:20:54'),('c96b07426f404bd199e71277c08546b5','unauthorized_faces\\2025-11-07\\camera0_18-06-13-881998.jpg',0,'2025-11-07 10:06:13.883171','Detected at 2025-11-07 18:06:13'),('c9cb9d8635744e6696535626c2ae6404','unauthorized_faces\\2025-11-07\\camera0_18-22-46-405749.jpg',0,'2025-11-07 10:22:46.428374','Detected at 2025-11-07 18:22:46'),('c9d6c1acafc54fdc9a7e3a9818a96b7f','unauthorized_faces\\2025-11-07\\camera0_18-03-23-462057.jpg',0,'2025-11-07 10:03:23.491539','Detected at 2025-11-07 18:03:23'),('cacc68b377a648119bec28743225e9e4','unauthorized_faces\\2025-11-07\\camera0_18-16-07-118242.jpg',0,'2025-11-07 10:16:07.118242','Detected at 2025-11-07 18:16:07'),('cad271cb409a4b8fa42aab3918ec1abd','unauthorized_faces\\2025-11-07\\camera0_18-28-21-767963.jpg',0,'2025-11-07 10:28:21.778548','Detected at 2025-11-07 18:28:21'),('cbbb0c490eaf4b5197b55cdc124b5267','unauthorized_faces\\2025-11-07\\camera0_18-18-24-428617.jpg',0,'2025-11-07 10:18:24.438641','Detected at 2025-11-07 18:18:24'),('cc05a3aa55b9432fb27e259a693ca205','unauthorized_faces\\2025-11-07\\camera0_17-54-34-630915.jpg',0,'2025-11-07 09:54:34.639912','Detected at 2025-11-07 17:54:34'),('cc19d7264e7f40e9ab6607cf4399b355','unauthorized_faces\\2025-11-07\\camera0_18-25-03-959976.jpg',0,'2025-11-07 10:25:03.959976','Detected at 2025-11-07 18:25:03'),('cc39bcba78f24b81b32e23464aae9e7a','unauthorized_faces\\2025-11-07\\camera0_18-25-56-882025.jpg',0,'2025-11-07 10:25:56.885021','Detected at 2025-11-07 18:25:56'),('cc5f58ca7bc34e7384706cefb6beda40','unauthorized_faces\\2025-11-07\\camera0_18-22-36-023434.jpg',0,'2025-11-07 10:22:36.023434','Detected at 2025-11-07 18:22:36'),('cdc8532e8c174e33998d3512f7ef430e','unauthorized_faces\\2025-11-07\\camera0_17-56-01-203606.jpg',0,'2025-11-07 09:56:01.209612','Detected at 2025-11-07 17:56:01'),('cde12a15dab043cba26795e860d5ec10','unauthorized_faces\\2025-11-24\\camera0_14-58-12-460382.jpg',0,'2025-11-24 06:58:12.468542','Detected at 2025-11-24 14:58:12'),('cf065d2059ca47729ae3f6d90d038e94','unauthorized_faces\\2025-11-07\\camera0_18-26-08-749245.jpg',0,'2025-11-07 10:26:08.762503','Detected at 2025-11-07 18:26:08'),('cf622d9ce43b473eade56b7ccfcb09ed','unauthorized_faces\\2025-11-07\\camera0_18-02-47-820650.jpg',0,'2025-11-07 10:02:47.843792','Detected at 2025-11-07 18:02:47'),('d141de959fcb43e393083567e1c4a97f','unauthorized_faces\\2025-11-07\\camera0_18-24-15-766828.jpg',0,'2025-11-07 10:24:15.781598','Detected at 2025-11-07 18:24:15'),('d14f3535ffaf44599288285308f5e0bd','unauthorized_faces\\2025-11-07\\camera0_18-15-02-753012.jpg',0,'2025-11-07 10:15:02.753012','Detected at 2025-11-07 18:15:02'),('d1c245660df34e23af36dabbebbf6a2f','unauthorized_faces\\2025-11-07\\camera0_18-16-04-526582.jpg',0,'2025-11-07 10:16:04.533976','Detected at 2025-11-07 18:16:04'),('d2b0c9f719004119a759a2a4ddc4e2b4','unauthorized_faces\\2025-11-07\\camera0_18-26-23-429052.jpg',0,'2025-11-07 10:26:23.432203','Detected at 2025-11-07 18:26:23'),('d3af0d39cd1a4b9297d58c3563330027','unauthorized_faces\\2025-11-07\\camera0_18-15-47-294939.jpg',0,'2025-11-07 10:15:47.303103','Detected at 2025-11-07 18:15:47'),('d3bfd355042b43649d2b364ef18f480f','unauthorized_faces\\2025-11-07\\camera0_18-04-59-546487.jpg',0,'2025-11-07 10:04:59.551454','Detected at 2025-11-07 18:04:59'),('d477ad5b185848668fdf9cab5c650b18','unauthorized_faces\\2025-11-07\\camera0_18-16-32-687329.jpg',0,'2025-11-07 10:16:32.708733','Detected at 2025-11-07 18:16:32'),('d4a77d35f7e5472292901e6a644ee1b1','unauthorized_faces\\2025-11-07\\camera0_18-22-59-756824.jpg',0,'2025-11-07 10:22:59.769363','Detected at 2025-11-07 18:22:59'),('d52f00a2520e4d00807af70c84f43305','unauthorized_faces\\2025-11-07\\camera0_18-01-35-492841.jpg',0,'2025-11-07 10:01:35.511340','Detected at 2025-11-07 18:01:35'),('d5a5a13029cf4f39a5e7f6b024a87791','unauthorized_faces\\2025-11-07\\camera0_18-29-06-577414.jpg',0,'2025-11-07 10:29:06.591116','Detected at 2025-11-07 18:29:06'),('d68bf49a803a4f22a46953f3ce998cce','unauthorized_faces\\2025-11-07\\camera0_18-25-00-663076.jpg',0,'2025-11-07 10:25:00.664064','Detected at 2025-11-07 18:25:00'),('d6ad035340c1492aa5178986275c3281','unauthorized_faces\\2025-11-07\\camera0_18-28-16-295853.jpg',0,'2025-11-07 10:28:16.295853','Detected at 2025-11-07 18:28:16'),('d6dfadbc740c4d949b72e0d6b7a0ed02','unauthorized_faces\\2025-11-07\\camera0_18-22-50-034171.jpg',0,'2025-11-07 10:22:50.054948','Detected at 2025-11-07 18:22:50'),('d7f2ffa3b465432c838591eeae72b9c1','unauthorized_faces\\2025-11-07\\camera0_18-17-44-229632.jpg',0,'2025-11-07 10:17:44.238093','Detected at 2025-11-07 18:17:44'),('d835378cacfe48348f0b3de47174d46c','unauthorized_faces\\2025-11-07\\camera0_18-05-02-432158.jpg',0,'2025-11-07 10:05:02.437330','Detected at 2025-11-07 18:05:02'),('d8666ed8e00f4ffea0ad39f5ae683109','unauthorized_faces\\2025-11-07\\camera0_18-21-35-915841.jpg',0,'2025-11-07 10:21:35.942291','Detected at 2025-11-07 18:21:35'),('d88bde75d7314019b13edaeed58f09fe','unauthorized_faces\\2025-11-07\\camera0_17-54-03-127592.jpg',0,'2025-11-07 09:54:03.136101','Detected at 2025-11-07 17:54:03'),('d8a0cff27e5b4c7a9fd75d9d0a58d1e0','unauthorized_faces\\2025-11-07\\camera0_18-23-49-163150.jpg',0,'2025-11-07 10:23:49.163150','Detected at 2025-11-07 18:23:49'),('d8e84367f4e947f6a0073d96be7f949a','unauthorized_faces\\2025-11-07\\camera0_18-22-25-268214.jpg',0,'2025-11-07 10:22:25.270182','Detected at 2025-11-07 18:22:25'),('d8eb92336f7e4937a68913c9bcd79ea0','unauthorized_faces\\2025-11-07\\camera0_17-55-34-253132.jpg',0,'2025-11-07 09:55:34.254139','Detected at 2025-11-07 17:55:34'),('d9d4566d039942929e330cecf41323de','unauthorized_faces\\2025-11-07\\camera0_18-30-49-640401.jpg',0,'2025-11-07 10:30:49.644454','Detected at 2025-11-07 18:30:49'),('da3e3f5cf64a4fe18c7f9bb749a5c5e7','unauthorized_faces\\2025-11-07\\camera0_18-30-09-308419.jpg',0,'2025-11-07 10:30:09.310794','Detected at 2025-11-07 18:30:09'),('da65269a5e9549f19c4520b18130b641','unauthorized_faces\\2025-11-07\\camera0_17-55-36-491385.jpg',0,'2025-11-07 09:55:36.492360','Detected at 2025-11-07 17:55:36'),('da77c4b8e67f4428861c1e6dfc8d99a5','unauthorized_faces\\2025-11-07\\camera0_18-30-06-356229.jpg',0,'2025-11-07 10:30:06.359211','Detected at 2025-11-07 18:30:06'),('dadaa48477cd4fb28078cac8bab82301','unauthorized_faces\\2025-11-07\\camera0_18-24-54-491459.jpg',0,'2025-11-07 10:24:54.491459','Detected at 2025-11-07 18:24:54'),('dadf1d03c6e14a8e891935653c484b78','unauthorized_faces\\2025-11-07\\camera0_18-19-22-284853.jpg',0,'2025-11-07 10:19:22.312380','Detected at 2025-11-07 18:19:22'),('dd5f0b8dda584e29ad774a1d2a8d05ea','unauthorized_faces\\2025-11-07\\camera0_18-22-13-230492.jpg',0,'2025-11-07 10:22:13.236238','Detected at 2025-11-07 18:22:13'),('ddaea0f4a380430195edb004d061a74b','unauthorized_faces\\2025-11-07\\camera0_18-04-54-176043.jpg',0,'2025-11-07 10:04:54.195738','Detected at 2025-11-07 18:04:54'),('ddc59b6e47fa49d9850d65e257cbc6da','unauthorized_faces\\2025-11-07\\camera0_18-02-42-992849.jpg',0,'2025-11-07 10:02:43.015805','Detected at 2025-11-07 18:02:43'),('deb977911d7e421a994d46a74c9dfb6b','unauthorized_faces\\2025-11-07\\camera0_18-06-04-119841.jpg',0,'2025-11-07 10:06:04.135902','Detected at 2025-11-07 18:06:04'),('deeb57695e7741c8876ea9ce2e195a4d','unauthorized_faces\\2025-11-07\\camera0_18-29-12-020037.jpg',0,'2025-11-07 10:29:12.023876','Detected at 2025-11-07 18:29:12'),('df26e330842846a4b4ca8f6c6f435f34','unauthorized_faces\\2025-11-07\\camera0_18-29-51-741427.jpg',0,'2025-11-07 10:29:51.756980','Detected at 2025-11-07 18:29:51'),('e0294c0bb90c47559bdf36c65c0f59b0','unauthorized_faces\\2025-11-07\\camera0_18-16-21-507183.jpg',0,'2025-11-07 10:16:21.533513','Detected at 2025-11-07 18:16:21'),('e0802e3056044f45804137c34e6e4104','unauthorized_faces\\2025-11-07\\camera0_18-22-32-299667.jpg',0,'2025-11-07 10:22:32.299667','Detected at 2025-11-07 18:22:32'),('e1bc4f13b3d54058b22b3411f1adb4ae','unauthorized_faces\\2025-11-07\\camera0_18-18-31-508276.jpg',0,'2025-11-07 10:18:31.516850','Detected at 2025-11-07 18:18:31'),('e1db712bdb8d4c24a95479f46cc2edc1','unauthorized_faces\\2025-11-07\\camera0_18-09-01-491549.jpg',0,'2025-11-07 10:09:01.493422','Detected at 2025-11-07 18:09:01'),('e2353417529844798cb4c63e9250dc94','unauthorized_faces\\2025-11-07\\camera0_18-27-06-309164.jpg',0,'2025-11-07 10:27:06.309164','Detected at 2025-11-07 18:27:06'),('e2785a386a364e258baf6d220ce02170','unauthorized_faces\\2025-11-07\\camera0_18-12-29-688674.jpg',0,'2025-11-07 10:12:29.688674','Detected at 2025-11-07 18:12:29'),('e291aadb9695458fa16b52a4f850dc74','unauthorized_faces\\2025-11-07\\camera0_17-54-56-306100.jpg',0,'2025-11-07 09:54:56.306100','Detected at 2025-11-07 17:54:56'),('e2d6592844ed46ecb46bd7168b475202','unauthorized_faces\\2025-11-07\\camera0_18-29-48-720256.jpg',0,'2025-11-07 10:29:48.720256','Detected at 2025-11-07 18:29:48'),('e4846eb4b5a54049b0ac4df26d596f0c','unauthorized_faces\\2025-11-07\\camera0_18-19-39-998349.jpg',0,'2025-11-07 10:19:40.014259','Detected at 2025-11-07 18:19:39'),('e4aa4655872c461483be4de025885aaf','unauthorized_faces\\2025-11-07\\camera0_18-15-32-596289.jpg',0,'2025-11-07 10:15:32.596289','Detected at 2025-11-07 18:15:32'),('e4dc3266abb5460395c37d66580e1de5','unauthorized_faces\\2025-11-07\\camera0_18-02-38-275166.jpg',0,'2025-11-07 10:02:38.303084','Detected at 2025-11-07 18:02:38'),('e4e7857b3f794d69b4a66d66a0a55c54','unauthorized_faces\\2025-11-07\\camera0_17-56-38-577003.jpg',0,'2025-11-07 09:56:38.578788','Detected at 2025-11-07 17:56:38'),('e52fe7ddb7514ecc931be3ebe7efcfdd','unauthorized_faces\\2025-11-07\\camera0_18-09-33-806609.jpg',0,'2025-11-07 10:09:33.814891','Detected at 2025-11-07 18:09:33'),('e5a6c11b7c974903921bc28136da788a','unauthorized_faces\\2025-11-07\\camera0_18-19-14-710727.jpg',0,'2025-11-07 10:19:14.726328','Detected at 2025-11-07 18:19:14'),('e5cafcde276e41d2a58c68abdc9ba10c','unauthorized_faces\\2025-11-07\\camera0_18-28-38-591284.jpg',0,'2025-11-07 10:28:38.593721','Detected at 2025-11-07 18:28:38'),('e7e875163c0944968ea8e33714a3e5aa','unauthorized_faces\\2025-11-07\\camera0_18-15-56-193014.jpg',0,'2025-11-07 10:15:56.216312','Detected at 2025-11-07 18:15:56'),('e8cce5a2c1ad4f68a2db3cc1ee0e6f2b','unauthorized_faces\\2025-11-07\\camera0_18-21-30-773322.jpg',0,'2025-11-07 10:21:30.789231','Detected at 2025-11-07 18:21:30'),('e941eaaa2455443898d2dfac27ada41c','unauthorized_faces\\2025-11-07\\camera0_18-05-42-648036.jpg',0,'2025-11-07 10:05:42.677597','Detected at 2025-11-07 18:05:42'),('e9a0ffaa60c949a59dfbfbfeec8088a7','unauthorized_faces\\2025-11-07\\camera0_18-11-54-675673.jpg',0,'2025-11-07 10:11:54.691477','Detected at 2025-11-07 18:11:54'),('e9c57f6826a042c68fdb8b70fa727788','unauthorized_faces\\2025-11-07\\camera0_18-07-21-036473.jpg',0,'2025-11-07 10:07:21.036473','Detected at 2025-11-07 18:07:21'),('ea3a72543e704baea866e9a98b35527d','unauthorized_faces\\2025-11-07\\camera0_18-08-46-905243.jpg',0,'2025-11-07 10:08:46.905243','Detected at 2025-11-07 18:08:46'),('eaaf9690afe94ee1b10d36c8751cc497','unauthorized_faces\\2025-11-07\\camera0_17-54-53-947923.jpg',0,'2025-11-07 09:54:53.949929','Detected at 2025-11-07 17:54:53'),('eb21d67a050a439f87fc46f382d1f57d','unauthorized_faces\\2025-11-07\\camera0_18-24-32-959512.jpg',0,'2025-11-07 10:24:32.979267','Detected at 2025-11-07 18:24:32'),('eb66ae8273bc4c2dbb11e236ce5e489b','unauthorized_faces\\2025-11-07\\camera0_18-20-32-762355.jpg',0,'2025-11-07 10:20:32.762355','Detected at 2025-11-07 18:20:32'),('ebcec3e49a3f47b79bd1b00e0fd8beb3','unauthorized_faces\\2025-11-07\\camera0_18-25-10-399825.jpg',0,'2025-11-07 10:25:10.404859','Detected at 2025-11-07 18:25:10'),('ebeaa8dadafe44e0910d941c16b2d57c','unauthorized_faces\\2025-11-07\\camera0_18-09-35-963421.jpg',0,'2025-11-07 10:09:35.963421','Detected at 2025-11-07 18:09:35'),('ecab1abf032644f7bdc9ab8c83835b3e','unauthorized_faces\\2025-11-07\\camera0_18-25-53-940577.jpg',0,'2025-11-07 10:25:53.943586','Detected at 2025-11-07 18:25:53'),('ede52caea80845788cc0481c2d80ca40','unauthorized_faces\\2025-11-07\\camera0_18-10-28-659460.jpg',0,'2025-11-07 10:10:28.679652','Detected at 2025-11-07 18:10:28'),('edf9e258b79c415e8bf0a9cd56d59605','unauthorized_faces\\2025-11-07\\camera0_18-08-08-797864.jpg',0,'2025-11-07 10:08:08.814591','Detected at 2025-11-07 18:08:08'),('ee5ee4347cdf48dca9b1e45f30d1c22e','unauthorized_faces\\2025-11-24\\camera0_14-58-03-648177.jpg',0,'2025-11-24 06:58:03.650722','Detected at 2025-11-24 14:58:03'),('ee930d6e01c2404ab34602e239784619','unauthorized_faces\\2025-11-07\\camera0_18-29-25-634768.jpg',0,'2025-11-07 10:29:25.634768','Detected at 2025-11-07 18:29:25'),('ee94e64b45614304b51c17e77d5619f2','unauthorized_faces\\2025-11-07\\camera0_18-15-36-030815.jpg',0,'2025-11-07 10:15:36.046837','Detected at 2025-11-07 18:15:36'),('eeb757488e6e481b8d5f2a6a7bcff4c5','unauthorized_faces\\2025-11-07\\camera0_18-05-05-798352.jpg',0,'2025-11-07 10:05:05.809863','Detected at 2025-11-07 18:05:05'),('ef129e26df3841d5be184670cfc6a5f5','unauthorized_faces\\2025-11-07\\camera0_18-23-54-879520.jpg',0,'2025-11-07 10:23:54.895483','Detected at 2025-11-07 18:23:54'),('ef582ab4f470483bab4bba3c0552a122','unauthorized_faces\\2025-11-07\\camera0_18-06-25-280513.jpg',0,'2025-11-07 10:06:25.291263','Detected at 2025-11-07 18:06:25'),('ef96f586c25a45acb71552e44448e365','unauthorized_faces\\2025-11-07\\camera0_18-20-43-833225.jpg',0,'2025-11-07 10:20:43.848457','Detected at 2025-11-07 18:20:43'),('f041aa90175f443581c028a0b0a042c6','unauthorized_faces\\2025-11-07\\camera0_18-29-33-812140.jpg',0,'2025-11-07 10:29:33.815140','Detected at 2025-11-07 18:29:33'),('f044c749990f43ab9c95cac6484f8c9e','unauthorized_faces\\2025-11-07\\camera0_18-01-45-161098.jpg',0,'2025-11-07 10:01:45.182271','Detected at 2025-11-07 18:01:45'),('f05ec22089cc4ae980b909cd34a3a43b','unauthorized_faces\\2025-11-07\\camera0_18-30-18-318265.jpg',0,'2025-11-07 10:30:18.318265','Detected at 2025-11-07 18:30:18'),('f0a7e8e622f94f8698f164973c5982c5','unauthorized_faces\\2025-11-07\\camera0_18-26-44-011792.jpg',0,'2025-11-07 10:26:44.025666','Detected at 2025-11-07 18:26:44'),('f16aced1b0c64cda97bfa91e35724051','unauthorized_faces\\2025-11-07\\camera0_18-12-16-053611.jpg',0,'2025-11-07 10:12:16.069502','Detected at 2025-11-07 18:12:16'),('f241e5a676054217aa4a3d0c129cbceb','unauthorized_faces\\2025-11-07\\camera0_17-54-12-492406.jpg',0,'2025-11-07 09:54:12.499927','Detected at 2025-11-07 17:54:12'),('f342d75792d74ad08266e956a1c6b05b','unauthorized_faces\\2025-11-07\\camera0_18-03-43-769440.jpg',0,'2025-11-07 10:03:43.796280','Detected at 2025-11-07 18:03:43'),('f3c3b66a6bb6495b8c3ba9338a0f8faa','unauthorized_faces\\2025-11-07\\camera0_18-31-15-947806.jpg',0,'2025-11-07 10:31:15.963571','Detected at 2025-11-07 18:31:15'),('f3fe9a88a7834126bec01a37a580c2ab','unauthorized_faces\\2025-11-07\\camera0_17-55-24-515264.jpg',0,'2025-11-07 09:55:24.515264','Detected at 2025-11-07 17:55:24'),('f406d567bd144a96a6e5c487f827d0ed','unauthorized_faces\\2025-11-07\\camera0_18-12-46-732266.jpg',0,'2025-11-07 10:12:46.740279','Detected at 2025-11-07 18:12:46'),('f40f4b0fdb2947fb8de2b1619f851872','unauthorized_faces\\2025-11-07\\camera0_18-11-48-246792.jpg',0,'2025-11-07 10:11:48.256596','Detected at 2025-11-07 18:11:48'),('f42678fe762e4247be80cbc3650e74b4','unauthorized_faces\\2025-11-07\\camera0_17-53-48-990788.jpg',0,'2025-11-07 09:53:49.004619','Detected at 2025-11-07 17:53:48'),('f5237ac345734cb7964f78741a6d1384','unauthorized_faces\\2025-11-07\\camera0_18-21-10-466127.jpg',0,'2025-11-07 10:21:10.497764','Detected at 2025-11-07 18:21:10'),('f5c0ac0d26fc4e25a7c0f1755204ee24','unauthorized_faces\\2025-11-07\\camera0_17-55-21-940773.jpg',0,'2025-11-07 09:55:21.945772','Detected at 2025-11-07 17:55:21'),('f5cbae7d0a694ed08dfa58407bc4d659','unauthorized_faces\\2025-11-07\\camera0_18-07-06-172409.jpg',0,'2025-11-07 10:07:06.188545','Detected at 2025-11-07 18:07:06'),('f61fed8834114ea6a9b4152fdbd30908','unauthorized_faces\\2025-11-07\\camera0_18-22-53-276860.jpg',0,'2025-11-07 10:22:53.276860','Detected at 2025-11-07 18:22:53'),('f6c2a30db8e34cffb324d52eade4b3f1','unauthorized_faces\\2025-11-07\\camera0_18-00-34-416153.jpg',0,'2025-11-07 10:00:34.448511','Detected at 2025-11-07 18:00:34'),('f768da4765ca47e595b468fed76e3e23','unauthorized_faces\\2025-11-07\\camera0_18-25-22-235504.jpg',0,'2025-11-07 10:25:22.255982','Detected at 2025-11-07 18:25:22'),('f90df4d8a9004ff6b8be7151586a5b0d','unauthorized_faces\\2025-11-07\\camera0_18-10-11-197502.jpg',0,'2025-11-07 10:10:11.205908','Detected at 2025-11-07 18:10:11'),('f920444daa7a45cfa319675f8ed092ce','unauthorized_faces\\2025-11-07\\camera0_18-28-13-422115.jpg',0,'2025-11-07 10:28:13.428115','Detected at 2025-11-07 18:28:13'),('f95b0ce793f047e5a0633e7242430f7b','unauthorized_faces\\2025-11-07\\camera0_17-55-15-206771.jpg',0,'2025-11-07 09:55:15.211761','Detected at 2025-11-07 17:55:15'),('f97a5ad1d17d4fdab73754e066890de3','unauthorized_faces\\2025-11-07\\camera0_18-12-04-889978.jpg',0,'2025-11-07 10:12:04.903378','Detected at 2025-11-07 18:12:04'),('f97d7618397f42789c7542c5a8d01e2e','unauthorized_faces\\2025-11-07\\camera0_18-29-43-004212.jpg',0,'2025-11-07 10:29:43.005827','Detected at 2025-11-07 18:29:43'),('faabb4cbe32a43b49d829c38e9b5f441','unauthorized_faces\\2025-11-07\\camera0_18-10-56-145690.jpg',0,'2025-11-07 10:10:56.165653','Detected at 2025-11-07 18:10:56'),('fab37a648a3349799c10340d1437b17f','unauthorized_faces\\2025-11-07\\camera0_18-28-41-443090.jpg',0,'2025-11-07 10:28:41.443090','Detected at 2025-11-07 18:28:41'),('fbe1f0cfae8048d8ac40c7a80998e010','unauthorized_faces\\2025-11-07\\camera0_18-24-45-049746.jpg',0,'2025-11-07 10:24:45.054714','Detected at 2025-11-07 18:24:45'),('fc222a2455a24a8fb9702236f4762301','unauthorized_faces\\2025-11-24\\camera0_14-47-46-417787.jpg',0,'2025-11-24 06:47:46.421617','Detected at 2025-11-24 14:47:46'),('fc9c65304f3248c6b11aeed04446453b','unauthorized_faces\\2025-11-07\\camera0_18-30-55-624083.jpg',0,'2025-11-07 10:30:55.626594','Detected at 2025-11-07 18:30:55'),('fc9d5856c5854ea3af67241155315dca','unauthorized_faces\\2025-11-07\\camera0_18-24-27-496671.jpg',0,'2025-11-07 10:24:27.496671','Detected at 2025-11-07 18:24:27'),('fd6e18348c2a42ba99d0f21d7d43f7ad','unauthorized_faces\\2025-11-07\\camera0_18-23-42-868054.jpg',0,'2025-11-07 10:23:42.868054','Detected at 2025-11-07 18:23:42'),('fe14c18f4c35469bab52797488bb62e5','unauthorized_faces\\2025-11-07\\camera0_17-54-36-841614.jpg',0,'2025-11-07 09:54:36.848342','Detected at 2025-11-07 17:54:36'),('fe2532513de848eda5c25000817ae531','unauthorized_faces\\2025-11-07\\camera0_18-29-28-253527.jpg',0,'2025-11-07 10:29:28.263983','Detected at 2025-11-07 18:29:28'),('fe29ea8271a44611967cbe47482ff082','unauthorized_faces\\2025-11-07\\camera0_18-26-25-998425.jpg',0,'2025-11-07 10:26:26.001441','Detected at 2025-11-07 18:26:26'),('fe5a1ce2860a4b77975c7ff71b60d80c','unauthorized_faces\\2025-11-07\\camera0_18-21-20-706880.jpg',0,'2025-11-07 10:21:20.726185','Detected at 2025-11-07 18:21:20'),('feb9ca881db54eec82555d3255c69aac','unauthorized_faces\\2025-11-07\\camera0_18-30-33-691759.jpg',0,'2025-11-07 10:30:33.691759','Detected at 2025-11-07 18:30:33'),('ff40059d946b47859e78fa127f103d97','unauthorized_faces\\2025-11-07\\camera0_18-28-29-933774.jpg',0,'2025-11-07 10:28:29.940766','Detected at 2025-11-07 18:28:29'),('ff62b321dd52408ebab281e1d4d49be0','unauthorized_faces\\2025-11-07\\camera0_18-23-36-533284.jpg',0,'2025-11-07 10:23:36.542063','Detected at 2025-11-07 18:23:36'),('ff8497bef7ce41cb9639da898839efb5','unauthorized_faces\\2025-11-07\\camera0_18-25-59-762951.jpg',0,'2025-11-07 10:25:59.762951','Detected at 2025-11-07 18:25:59'),('ffeffb4dcf254d0eb3529592068f8ad9','unauthorized_faces\\2025-11-07\\camera0_17-55-54-364871.jpg',0,'2025-11-07 09:55:54.365871','Detected at 2025-11-07 17:55:54');
/*!40000 ALTER TABLE `main_unauthorizedfacedetection` ENABLE KEYS */;
UNLOCK TABLES;

--
-- Table structure for table `main_vehicleentry`
--

DROP TABLE IF EXISTS `main_vehicleentry`;
/*!40101 SET @saved_cs_client     = @@character_set_client */;
/*!50503 SET character_set_client = utf8mb4 */;
CREATE TABLE `main_vehicleentry` (
  `entry_id` char(32) NOT NULL,
  `is_registered` tinyint(1) NOT NULL,
  `entry_timestamp` datetime(6) NOT NULL,
  `exit_timestamp` datetime(6) DEFAULT NULL,
  `entry_gate` varchar(100) NOT NULL,
  `exit_gate` varchar(100) DEFAULT NULL,
  `qr_code_scanned` tinyint(1) NOT NULL,
  `is_exited` tinyint(1) NOT NULL,
  `last_updated` datetime(6) NOT NULL,
  `last_updated_by` varchar(100) NOT NULL,
  `vehicle_id` bigint DEFAULT NULL,
  PRIMARY KEY (`entry_id`),
  KEY `main_vehicleentry_vehicle_id_ace70d23_fk_main_vehi` (`vehicle_id`),
  CONSTRAINT `main_vehicleentry_vehicle_id_ace70d23_fk_main_vehi` FOREIGN KEY (`vehicle_id`) REFERENCES `main_vehicleregistration` (`id`)
) ENGINE=InnoDB DEFAULT CHARSET=utf8mb4 COLLATE=utf8mb4_0900_ai_ci;
/*!40101 SET character_set_client = @saved_cs_client */;

--
-- Dumping data for table `main_vehicleentry`
--

LOCK TABLES `main_vehicleentry` WRITE;
/*!40000 ALTER TABLE `main_vehicleentry` DISABLE KEYS */;
/*!40000 ALTER TABLE `main_vehicleentry` ENABLE KEYS */;
UNLOCK TABLES;

--
-- Table structure for table `main_vehicleregistration`
--

DROP TABLE IF EXISTS `main_vehicleregistration`;
/*!40101 SET @saved_cs_client     = @@character_set_client */;
/*!50503 SET character_set_client = utf8mb4 */;
CREATE TABLE `main_vehicleregistration` (
  `id` bigint NOT NULL AUTO_INCREMENT,
  `first_name` varchar(30) NOT NULL,
  `middle_name` varchar(30) DEFAULT NULL,
  `last_name` varchar(30) NOT NULL,
  `id_number` varchar(100) NOT NULL,
  `contact_number` varchar(15) NOT NULL,
  `email_address` varchar(254) NOT NULL,
  `role` varchar(20) NOT NULL,
  `vehicle_type` varchar(50) NOT NULL,
  `color` varchar(30) NOT NULL,
  `model` varchar(50) NOT NULL,
  `plate_number` varchar(20) NOT NULL,
  `sticker_number` varchar(20) NOT NULL,
  `guardian_name` varchar(100) NOT NULL,
  `guardian_number` varchar(15) NOT NULL,
  `image` varchar(100) NOT NULL,
  `drivers_license` varchar(50) NOT NULL,
  `status` varchar(20) NOT NULL,
  `qr_code` varchar(100) NOT NULL,
  `date_joined` datetime(6) NOT NULL,
  `is_archived` tinyint(1) NOT NULL,
  `last_updated` datetime(6) NOT NULL,
  `last_updated_by` varchar(100) NOT NULL,
  PRIMARY KEY (`id`),
  UNIQUE KEY `id_number` (`id_number`),
  UNIQUE KEY `email_address` (`email_address`),
  UNIQUE KEY `plate_number` (`plate_number`),
  UNIQUE KEY `sticker_number` (`sticker_number`),
  UNIQUE KEY `drivers_license` (`drivers_license`)
) ENGINE=InnoDB DEFAULT CHARSET=utf8mb4 COLLATE=utf8mb4_0900_ai_ci;
/*!40101 SET character_set_client = @saved_cs_client */;

--
-- Dumping data for table `main_vehicleregistration`
--

LOCK TABLES `main_vehicleregistration` WRITE;
/*!40000 ALTER TABLE `main_vehicleregistration` DISABLE KEYS */;
/*!40000 ALTER TABLE `main_vehicleregistration` ENABLE KEYS */;
UNLOCK TABLES;

--
-- Dumping events for database 'issc'
--

--
-- Dumping routines for database 'issc'
--
/*!40103 SET TIME_ZONE=@OLD_TIME_ZONE */;

/*!40101 SET SQL_MODE=@OLD_SQL_MODE */;
/*!40014 SET FOREIGN_KEY_CHECKS=@OLD_FOREIGN_KEY_CHECKS */;
/*!40014 SET UNIQUE_CHECKS=@OLD_UNIQUE_CHECKS */;
/*!40101 SET CHARACTER_SET_CLIENT=@OLD_CHARACTER_SET_CLIENT */;
/*!40101 SET CHARACTER_SET_RESULTS=@OLD_CHARACTER_SET_RESULTS */;
/*!40101 SET COLLATION_CONNECTION=@OLD_COLLATION_CONNECTION */;
/*!40111 SET SQL_NOTES=@OLD_SQL_NOTES */;

-- Dump completed on 2026-01-15  9:03:40
